"motif_id","motif_name","log2_enrichment","neg_log10_padj","set","direction","region_type","markers_excluded","padj","tf_log_fc","tf_fdr","tf_matched"
"MA1111.1","NR2F2",0.74821679133837,2.18936751330879,"cortex_late","down","promoter",FALSE,0.00646595215467794,0.256892847501779,0.208201202492486,"NR2F2"
"MA0141.3","ESRRB",0.871586919615649,1.85084275742417,"cortex_late","down","promoter",FALSE,0.0140979914412418,-1.23719169277586,0.0538021583252273,"ESRRB"
"MA1149.1","RARA::RXRG",0.454469218522418,1.85084275742417,"cortex_late","down","promoter",FALSE,0.0140979914412418,0.149275406051572,0.583960222172284,"RARA"
"MA0818.1","BHLHE22",0.90970417902939,1.11888479342972,"cortex_late","down","promoter",FALSE,0.0760527997674777,2.60969134217934,0.0147362418120288,"BHLHE22"
"MA0592.3","ESRRA",0.484795054632118,1.11888479342972,"cortex_late","down","promoter",FALSE,0.0760527997674777,-0.616565060989549,0.0889287925938677,"ESRRA"
"MA0160.1","NR4A2",0.340728833305802,0.514095701891994,"cortex_late","down","promoter",FALSE,0.306128876840831,-0.099963853280352,0.860557992521686,"NR4A2"
"MA0154.4","EBF1",0.249410753737706,0.514095701891994,"cortex_late","down","promoter",FALSE,0.306128876840831,0.0789783965357946,0.851382829431161,"EBF1"
"MA1151.1","RORC",0.518199721800334,0.365204876236176,"cortex_late","down","promoter",FALSE,0.431315557883259,-1.13986236165977,0.0443930641612915,"RORC"
"MA1509.1","IRF6",0.502613323055809,0.365204876236176,"cortex_late","down","promoter",FALSE,0.431315557883259,-0.421448845583532,0.179310696495779,"IRF6"
"MA1112.2","NR4A1",0.405602296266536,0.365204876236176,"cortex_late","down","promoter",FALSE,0.431315557883259,-0.877932818285481,0.295695214214979,"NR4A1"
"MA0771.1","HSF4",0.426220110580513,0.296137351789413,"cortex_late","down","promoter",FALSE,0.505664713074139,1.05728511176318,0.0480884855409424,"HSF4"
"MA0843.1","TEF",0.641727068066537,0.250005491051306,"cortex_late","down","promoter",FALSE,0.562334215209274,-0.864944303734186,0.00748630965046787,"TEF"
"MA0017.2","NR2F1",0.272128789520122,0.217231766603312,"cortex_late","down","promoter",FALSE,0.6064126236502,0.714106291964725,0.214361008768726,"NR2F1"
"MA1535.1","NR2C1",0.199022266601807,0.217231766603312,"cortex_late","down","promoter",FALSE,0.6064126236502,0.0513481072925432,0.848764100034936,"NR2C1"
"MA1574.1","THRB",0.32690930456487,0.217231766603312,"cortex_late","down","promoter",FALSE,0.6064126236502,-1.6658269470324,0.0099448486175386,"THRB"
"MA0846.1","FOXC2",0.430770351826682,0.170097131354568,"cortex_late","down","promoter",FALSE,0.675931784172755,0.430539472349024,0.239486083808496,"FOXC2"
"MA1110.1","NR1H4",0.413749257512003,0.170097131354568,"cortex_late","down","promoter",FALSE,0.675931784172755,-1.4795007136102,0.0245097754849855,"NR1H4"
"MA0071.1","RORA",0.348418901329147,0.163019516246513,"cortex_late","down","promoter",FALSE,0.687037565351245,-0.386721146891125,0.400755729885775,"RORA"
"MA0152.1","NFATC2",0.264292316683528,0.163019516246513,"cortex_late","down","promoter",FALSE,0.687037565351245,0.460547363681982,0.29695714802985,"NFATC2"
"MA1548.1","PLAGL2",0.111970380792684,0.163019516246513,"cortex_late","down","promoter",FALSE,0.687037565351245,0.00148680787333522,0.992684284962528,"PLAGL2"
"MA0891.1","GSC2",0.453697127891269,0.153497267066722,"cortex_late","down","promoter",FALSE,0.702267762960462,-1.27976744344108,0.0773524078228098,"GSC2"
"MA0504.1","NR2C2",0.166878997953391,0.122567157047838,"cortex_late","down","promoter",FALSE,0.754106775667597,0.0261954527076078,0.894017430809098,"NR2C2"
"MA0597.1","THAP1",0.261634100104156,0.0980436689178467,"cortex_late","down","promoter",FALSE,0.79791445181953,-0.393221135299563,0.113535365474224,"THAP1"
"MA0646.1","GCM1",0.193252845504841,0.0699148363648254,"cortex_late","down","promoter",FALSE,0.851304959772834,-1.55196553705747,0.0936892960361109,"GCM1"
"MA1114.1","PBX3",0.236975615824399,0.0699148363648254,"cortex_late","down","promoter",FALSE,0.851304959772834,0.368727398392041,0.317576972386,"PBX3"
"MA1133.1","JUN::JUNB(var.2)",0.395869147727551,0.0699148363648254,"cortex_late","down","promoter",FALSE,0.851304959772834,0.234618959475633,0.479714656230028,"JUN"
"MA1550.1","PPARD",0.405653434513476,0.0699148363648254,"cortex_late","down","promoter",FALSE,0.851304959772834,0.608619133164281,0.0516790956070259,"PPARD"
"MA0649.1","HEY2",0.199475633792239,0.060178491042936,"cortex_late","down","promoter",FALSE,0.870605705469329,-0.408026083806639,0.434808319004231,"HEY2"
"MA0694.1","ZBTB7B",0.140824807436547,0.060178491042936,"cortex_late","down","promoter",FALSE,0.870605705469329,0.154685075131229,0.690580599688603,"ZBTB7B"
"MA0139.1","CTCF",0.153005221737821,0.0131825025916346,"cortex_late","down","promoter",FALSE,0.970102217708415,-0.173609257308518,0.232497739386449,"CTCF"
"MA0159.1","RARA::RXRA",0.172525949269825,0.0131825025916346,"cortex_late","down","promoter",FALSE,0.970102217708415,-0.35170414551812,0.0446090522371796,"RXRA"
"MA0478.1","FOSL2",0.263844629057699,0.0131825025916346,"cortex_late","down","promoter",FALSE,0.970102217708415,1.02846159986398,0.00413734877776558,"FOSL2"
"MA0501.1","MAF::NFE2",0.342336081901299,0.0131825025916346,"cortex_late","down","promoter",FALSE,0.970102217708415,-0.749296741488903,0.138596254609732,"MAF"
"MA0527.1","ZBTB33",0.130375166406539,0.0131825025916346,"cortex_late","down","promoter",FALSE,0.970102217708415,0.130491570655312,0.645490492018604,"ZBTB33"
"MA0042.2","FOXI1",0.241022039242623,0.0131825025916346,"cortex_late","down","promoter",FALSE,0.970102217708415,-1.39593847266708,0.0144730671977558,"FOXI1"
"MA0486.2","HSF1",0.305774144268996,0.0131825025916346,"cortex_late","down","promoter",FALSE,0.970102217708415,-0.062417242231966,0.758576041569429,"HSF1"
"MA0660.1","MEF2B",0.344395280042346,0.0131825025916346,"cortex_late","down","promoter",FALSE,0.970102217708415,0.49074170369681,0.461384502314738,"MEF2B"
"MA0741.1","KLF16",0.0595033239574398,0.0131825025916346,"cortex_late","down","promoter",FALSE,0.970102217708415,0.647264389062577,0.062253570183691,"KLF16"
"MA0770.1","HSF2",0.342437950974378,0.0131825025916346,"cortex_late","down","promoter",FALSE,0.970102217708415,0.0583290477005285,0.724065621695407,"HSF2"
"MA0498.2","MEIS1",0.24870407626594,0.0131825025916346,"cortex_late","down","promoter",FALSE,0.970102217708415,0.664042397654292,0.158880222962715,"MEIS1"
"MA0811.1","TFAP2B",0.0811112074765763,0.0131825025916346,"cortex_late","down","promoter",FALSE,0.970102217708415,-0.259982990856523,0.527583169794893,"TFAP2B"
"MA0823.1","HEY1",0.193335017665083,0.0131825025916346,"cortex_late","down","promoter",FALSE,0.970102217708415,0.144545892035918,0.696434910316029,"HEY1"
"MA0848.1","FOXO4",0.241022039242623,0.0131825025916346,"cortex_late","down","promoter",FALSE,0.970102217708415,-0.521458010922331,0.00748630965046787,"FOXO4"
"MA0863.1","MTF1",0.303409868440131,0.0131825025916346,"cortex_late","down","promoter",FALSE,0.970102217708415,-0.23168631262967,0.250223375849655,"MTF1"
"MA1136.1","FOSB::JUNB(var.2)",0.301208431004083,0.0131825025916346,"cortex_late","down","promoter",FALSE,0.970102217708415,-0.151061413725705,0.90288689740565,"FOSB"
"MA1145.1","FOSL2::JUND(var.2)",0.334408424944178,0.0131825025916346,"cortex_late","down","promoter",FALSE,0.970102217708415,1.02846159986398,0.00413734877776558,"FOSL2"
"MA1101.2","BACH2",0.348045862461429,0.0131825025916346,"cortex_late","down","promoter",FALSE,0.970102217708415,0.886009799480719,0.141809105983968,"BACH2"
"MA1474.1","CREB3L4",0.168415750396339,0.0131825025916346,"cortex_late","down","promoter",FALSE,0.970102217708415,0.770932910836012,0.0615087765804618,"CREB3L4"
"MA1507.1","HOXD4",0.31169793821171,0.0131825025916346,"cortex_late","down","promoter",FALSE,0.970102217708415,-0.279948773628189,0.24561590093658,"HOXD4"
"MA1520.1","MAF",0.255721278830262,0.0131825025916346,"cortex_late","down","promoter",FALSE,0.970102217708415,-0.749296741488903,0.138596254609732,"MAF"
"MA1532.1","NR1D2",0.229504223026191,0.0131825025916346,"cortex_late","down","promoter",FALSE,0.970102217708415,-0.691920665848408,0.0281474892991551,"NR1D2"
"MA1557.1","SMAD5",0.298418532337775,0.0131825025916346,"cortex_late","down","promoter",FALSE,0.970102217708415,-0.171495166281051,0.502575061009404,"SMAD5"
"MA1592.1","ZNF274",0.32076883229873,0.0131825025916346,"cortex_late","down","promoter",FALSE,0.970102217708415,0.398293994423678,0.148166086713876,"ZNF274"
"MA0847.2","FOXD2",0.285317838651556,0.0131825025916346,"cortex_late","down","promoter",FALSE,0.970102217708415,-0.638139824644596,0.188673528040689,"FOXD2"
"MA1099.2","HES1",0.105219328532142,0.0131825025916346,"cortex_late","down","promoter",FALSE,0.970102217708415,0.333015747686757,0.219293504390995,"HES1"
"MA0102.4","CEBPA",0.3420139076674,0.0131825025916346,"cortex_late","down","promoter",FALSE,0.970102217708415,-0.0534580467573815,0.902953038803753,"CEBPA"
"MA0052.4","MEF2A",0.338734975563893,0.0131825025916346,"cortex_late","down","promoter",FALSE,0.970102217708415,0.24693987837195,0.151541068265505,"MEF2A"
"MA0684.2","RUNX3",0.187856294723938,0.0131825025916346,"cortex_late","down","promoter",FALSE,0.970102217708415,2.59441605886014,0.0211188205554735,"RUNX3"
"MA0769.2","TCF7",0.226363256506812,0.0131825025916346,"cortex_late","down","promoter",FALSE,0.970102217708415,0.671607301980921,0.406633927331149,"TCF7"
"MA1123.2","TWIST1",0.175976388616704,0.0131825025916346,"cortex_late","down","promoter",FALSE,0.970102217708415,-0.827018017422278,0.0586081214958713,"TWIST1"
"MA0671.1","NFIX",0.176195521482518,0.00751277375499976,"cortex_late","down","promoter",FALSE,0.982849964345181,0.920894700338016,0.0385768678852775,"NFIX"
"MA0497.1","MEF2C",0.247854907544892,0.00403870587120652,"cortex_late","down","promoter",FALSE,0.990743642355421,0.319820453201881,0.430764311998789,"MEF2C"
"MA0695.1","ZBTB7C",0.079362369214941,0.00403870587120652,"cortex_late","down","promoter",FALSE,0.990743642355421,1.04476026260957,0.0771797048903576,"ZBTB7C"
"MA1652.1","ZKSCAN5",0.0806846698884591,0.00403870587120652,"cortex_late","down","promoter",FALSE,0.990743642355421,-0.112581517953963,0.525710357341252,"ZKSCAN5"
"MA0056.2","MZF1",0.130424344403144,0.00403870587120652,"cortex_late","down","promoter",FALSE,0.990743642355421,0.230232641685022,0.258638089854901,"MZF1"
"MA0030.1","FOXF2",0.18352941999617,0,"cortex_late","down","promoter",FALSE,1,1.97874974844741,0.0164160764157412,"FOXF2"
"MA0031.1","FOXD1",-0.0710671207015068,0,"cortex_late","down","promoter",FALSE,1,0.723275246426268,0.11360860257452,"FOXD1"
"MA0051.1","IRF2",0.0014815053137136,0,"cortex_late","down","promoter",FALSE,1,0.0874187242730144,0.522403921571679,"IRF2"
"MA0059.1","MAX::MYC",0.175654911191004,0,"cortex_late","down","promoter",FALSE,1,1.59019081752968,0.00294986225410836,"MYC"
"MA0066.1","PPARG",-0.0196526900133023,0,"cortex_late","down","promoter",FALSE,1,0.00149969125401683,0.997290578342321,"PPARG"
"MA0070.1","PBX1",0.251812955563277,0,"cortex_late","down","promoter",FALSE,1,0.0480557333630021,0.861020911821847,"PBX1"
"MA0073.1","RREB1",-0.0466455241614732,0,"cortex_late","down","promoter",FALSE,1,-0.267612957653856,0.368219135542279,"RREB1"
"MA0074.1","RXRA::VDR",-0.151004223030176,0,"cortex_late","down","promoter",FALSE,1,-0.35170414551812,0.0446090522371796,"RXRA"
"MA0077.1","SOX9",-0.381427960582603,0,"cortex_late","down","promoter",FALSE,1,2.58056679197372,0.00543504740369628,"SOX9"
"MA0091.1","TAL1::TCF3",0.103273097767446,0,"cortex_late","down","promoter",FALSE,1,0.557824702012325,0.164946685394945,"TCF3"
"MA0101.1","REL",0.0386067443725979,0,"cortex_late","down","promoter",FALSE,1,0.551292490640919,0.272342374321645,"REL"
"MA0107.1","RELA",-0.0570587582108839,0,"cortex_late","down","promoter",FALSE,1,0.479175835146296,0.0389355204112652,"RELA"
"MA0115.1","NR1H2::RXRA",-0.110663139966496,0,"cortex_late","down","promoter",FALSE,1,-0.35170414551812,0.0446090522371796,"RXRA"
"MA0119.1","NFIC::TLX1",0.0505173524024674,0,"cortex_late","down","promoter",FALSE,1,0.0479395657695862,0.821202623198197,"NFIC"
"MA0138.2","REST",0.172491920670466,0,"cortex_late","down","promoter",FALSE,1,0.0571722519401625,0.849285039157882,"REST"
"MA0163.1","PLAG1",-0.0834586851456116,0,"cortex_late","down","promoter",FALSE,1,-0.659814240566227,0.0330035180216781,"PLAG1"
"MA0259.1","ARNT::HIF1A",-0.10610356862201,0,"cortex_late","down","promoter",FALSE,1,1.14093533925004,0.00389864211258081,"HIF1A"
"MA0476.1","FOS",0.144757237033341,0,"cortex_late","down","promoter",FALSE,1,0.0732688759655913,0.949948116968932,"FOS"
"MA0488.1","JUN",-0.0280586559557916,0,"cortex_late","down","promoter",FALSE,1,0.234618959475633,0.479714656230028,"JUN"
"MA0506.1","NRF1",0.0103309975283246,0,"cortex_late","down","promoter",FALSE,1,0.159318075994392,0.438612794523248,"NRF1"
"MA0507.1","POU2F2",-0.178853380322342,0,"cortex_late","down","promoter",FALSE,1,2.79185820405312,0.0298145721105701,"POU2F2"
"MA0513.1","SMAD2::SMAD3::SMAD4",-0.137583329013957,0,"cortex_late","down","promoter",FALSE,1,0.0888215081793708,0.531558295838665,"SMAD2"
"MA0517.1","STAT1::STAT2",0.00255414262710296,0,"cortex_late","down","promoter",FALSE,1,0.603573978204228,0.0811251148209067,"STAT1"
"MA0523.1","TCF7L2",0.0705460411294654,0,"cortex_late","down","promoter",FALSE,1,0.00238143260191759,0.989583890092099,"TCF7L2"
"MA0076.2","ELK4",-0.0715713612621762,0,"cortex_late","down","promoter",FALSE,1,0.113728816705128,0.724685215620708,"ELK4"
"MA0050.2","IRF1",-0.0887933864847197,0,"cortex_late","down","promoter",FALSE,1,1.40089257237319,0.0329814929460361,"IRF1"
"MA0137.3","STAT1",-0.342172592427433,0,"cortex_late","down","promoter",FALSE,1,0.603573978204228,0.0811251148209067,"STAT1"
"MA0144.2","STAT3",-0.186953587670549,0,"cortex_late","down","promoter",FALSE,1,0.99721539206208,0.00260121202556568,"STAT3"
"MA0140.2","GATA1::TAL1",-0.11907971061961,0,"cortex_late","down","promoter",FALSE,1,0.238086368779233,0.590072504281107,"TAL1"
"MA0095.2","YY1",-0.121688214940055,0,"cortex_late","down","promoter",FALSE,1,-0.0384036864583219,0.761721173984392,"YY1"
"MA0593.1","FOXP2",0.137534627236359,0,"cortex_late","down","promoter",FALSE,1,-0.0870864022130844,0.894221743407541,"FOXP2"
"MA0595.1","SREBF1",-0.198186602783797,0,"cortex_late","down","promoter",FALSE,1,0.360771361816368,0.639549160156198,"SREBF1"
"MA0596.1","SREBF2",0.0283885518797247,0,"cortex_late","down","promoter",FALSE,1,0.11974876308076,0.693522766072638,"SREBF2"
"MA0599.1","KLF5",-0.0182519904880039,0,"cortex_late","down","promoter",FALSE,1,0.646858846811948,0.218190362765962,"KLF5"
"MA0610.1","DMRT3",-0.125406600357599,0,"cortex_late","down","promoter",FALSE,1,-0.104872810567713,0.949948116968932,"DMRT3"
"MA0625.1","NFATC3",0.024327726131772,0,"cortex_late","down","promoter",FALSE,1,-0.00494304575414795,0.976852407429291,"NFATC3"
"MA0628.1","POU6F1",-0.177311907566563,0,"cortex_late","down","promoter",FALSE,1,0.361985665472876,0.176889171398798,"POU6F1"
"MA0636.1","BHLHE41",-0.573377570880749,0,"cortex_late","down","promoter",FALSE,1,0.140487032426744,0.654500510174604,"BHLHE41"
"MA0637.1","CENPB",0.0160099483222913,0,"cortex_late","down","promoter",FALSE,1,0.259625818160133,0.163432874701111,"CENPB"
"MA0638.1","CREB3",-0.500815180393724,0,"cortex_late","down","promoter",FALSE,1,-0.0312938897977935,0.859846071925377,"CREB3"
"MA0641.1","ELF4",-0.341599315272698,0,"cortex_late","down","promoter",FALSE,1,1.1869546001238,0.0558249946846822,"ELF4"
"MA0136.2","ELF5",-0.294783878396789,0,"cortex_late","down","promoter",FALSE,1,-1.72323832595498,0.0121229004048676,"ELF5"
"MA0645.1","ETV6",-0.210857292727601,0,"cortex_late","down","promoter",FALSE,1,0.0314945665117898,0.815104280096964,"ETV6"
"MA0475.2","FLI1",-0.668518368202785,0,"cortex_late","down","promoter",FALSE,1,0.304643589387498,0.455546018981208,"FLI1"
"MA0033.2","FOXL1",-0.125155573802346,0,"cortex_late","down","promoter",FALSE,1,1.19314167894993,0.0287646425821827,"FOXL1"
"MA0157.2","FOXO3",-0.0672162571535475,0,"cortex_late","down","promoter",FALSE,1,0.371826551772787,0.0854041186239956,"FOXO3"
"MA0131.2","HINFP",0.0298522649142221,0,"cortex_late","down","promoter",FALSE,1,-0.0669551288115535,0.763974922779228,"HINFP"
"MA0046.2","HNF1A",0.0291510475856369,0,"cortex_late","down","promoter",FALSE,1,-1.15752951398589,0.0389492960832284,"HNF1A"
"MA0153.2","HNF1B",-0.0685570211584197,0,"cortex_late","down","promoter",FALSE,1,-0.309838678344864,0.211547891735755,"HNF1B"
"MA0651.1","HOXC11",-0.447282962985632,0,"cortex_late","down","promoter",FALSE,1,1.20723958040601,0.0785745237161324,"HOXC11"
"MA0652.1","IRF8",-0.277913783470956,0,"cortex_late","down","promoter",FALSE,1,1.99775348829634,0.0266397809229116,"IRF8"
"MA0653.1","IRF9",-0.216410669129507,0,"cortex_late","down","promoter",FALSE,1,1.02733372798073,0.0210231643759869,"IRF9"
"MA0655.1","JDP2",0.00947871940761136,0,"cortex_late","down","promoter",FALSE,1,0.981298186715939,0.0268722362635841,"JDP2"
"MA0657.1","KLF13",-0.00247889784130884,0,"cortex_late","down","promoter",FALSE,1,0.367136760476838,0.159526324161599,"KLF13"
"MA0658.1","LHX6",-0.155988936346627,0,"cortex_late","down","promoter",FALSE,1,0.828230214780972,0.0640017841565306,"LHX6"
"MA0663.1","MLX",-0.0376132946874614,0,"cortex_late","down","promoter",FALSE,1,-0.209666092229397,0.228050685352637,"MLX"
"MA0664.1","MLXIPL",-0.0609384883277277,0,"cortex_late","down","promoter",FALSE,1,0.0995975625288743,0.878548857744067,"MLXIPL"
"MA0665.1","MSC",0.000918750068795937,0,"cortex_late","down","promoter",FALSE,1,2.83767986683434,0.0379757731696713,"MSC"
"MA0666.1","MSX1",-0.149037755214704,0,"cortex_late","down","promoter",FALSE,1,0.1174666850007,0.798678021225016,"MSX1"
"MA0670.1","NFIA",0.114796375164596,0,"cortex_late","down","promoter",FALSE,1,-0.0446118130960471,0.836965216075202,"NFIA"
"MA0685.1","SP4",-0.0937754357189506,0,"cortex_late","down","promoter",FALSE,1,-0.00306346589752327,0.992850300357811,"SP4"
"MA0083.3","SRF",-0.0354932893201978,0,"cortex_late","down","promoter",FALSE,1,0.394956455418964,0.0605773048600956,"SRF"
"MA0688.1","TBX2",-0.175844646069109,0,"cortex_late","down","promoter",FALSE,1,-0.112455451316849,0.617110319099526,"TBX2"
"MA0690.1","TBX21",-0.105269854760159,0,"cortex_late","down","promoter",FALSE,1,1.66514802825355,0.109119064224061,"TBX21"
"MA0691.1","TFAP4",0.0831853312149082,0,"cortex_late","down","promoter",FALSE,1,0.234059751067489,0.491775768024472,"TFAP4"
"MA0145.3","TFCP2",-0.274529436620233,0,"cortex_late","down","promoter",FALSE,1,-0.270521960607984,0.0228630004160411,"TFCP2"
"MA0692.1","TFEB",0.0735596460448704,0,"cortex_late","down","promoter",FALSE,1,0.572683458959158,0.0619450276272282,"TFEB"
"MA0698.1","ZBTB18",-0.00219366757476802,0,"cortex_late","down","promoter",FALSE,1,0.0253122254804037,0.90288689740565,"ZBTB18"
"MA0716.1","PRRX1",-0.0997768464586279,0,"cortex_late","down","promoter",FALSE,1,0.88704444168176,0.0474606382941013,"PRRX1"
"MA0722.1","VAX1",-0.430939957818325,0,"cortex_late","down","promoter",FALSE,1,0.305881850899317,0.833767807084669,"VAX1"
"MA0112.3","ESR1",0.298962224939308,0,"cortex_late","down","promoter",FALSE,1,-0.581637538909517,0.109639714071584,"ESR1"
"MA0113.3","NR3C1",-0.539174551485112,0,"cortex_late","down","promoter",FALSE,1,-0.491753358006394,0.0187363952170916,"NR3C1"
"MA0727.1","NR3C2",-0.382778615342601,0,"cortex_late","down","promoter",FALSE,1,-0.925132488823745,0.014437160475709,"NR3C2"
"MA0731.1","BCL6B",-0.0519153832451535,0,"cortex_late","down","promoter",FALSE,1,-0.139201728444065,0.744055703664974,"BCL6B"
"MA0472.2","EGR2",-0.0264994839927235,0,"cortex_late","down","promoter",FALSE,1,2.9557831683514,0.00543504740369628,"EGR2"
"MA0732.1","EGR3",-0.0201392061103549,0,"cortex_late","down","promoter",FALSE,1,2.17378427667236,0.0167434207201977,"EGR3"
"MA0735.1","GLIS1",-0.220413805210807,0,"cortex_late","down","promoter",FALSE,1,-0.82767331385964,0.0654662802053464,"GLIS1"
"MA0736.1","GLIS2",0.0197564753278101,0,"cortex_late","down","promoter",FALSE,1,-0.452732814220206,0.0815971532049507,"GLIS2"
"MA0737.1","GLIS3",-0.040909428667514,0,"cortex_late","down","promoter",FALSE,1,0.230399755239139,0.479346309730214,"GLIS3"
"MA0738.1","HIC2",0.0266715874683046,0,"cortex_late","down","promoter",FALSE,1,0.184385615616127,0.351399587318816,"HIC2"
"MA0749.1","ZBED1",0.236864290410492,0,"cortex_late","down","promoter",FALSE,1,0.468161300168552,0.0641749323048502,"ZBED1"
"MA0088.2","ZNF143",-0.417440418788117,0,"cortex_late","down","promoter",FALSE,1,0.113175542531204,0.423980285045556,"ZNF143"
"MA0752.1","ZNF410",0.0993038319145159,0,"cortex_late","down","promoter",FALSE,1,-0.409264896913698,0.0099448486175386,"ZNF410"
"MA0754.1","CUX1",-0.148762160794596,0,"cortex_late","down","promoter",FALSE,1,-0.639871530568587,0.0298145721105701,"CUX1"
"MA0759.1","ELK3",-0.370072871178388,0,"cortex_late","down","promoter",FALSE,1,0.330708801440769,0.2398630905309,"ELK3"
"MA0760.1","ERF",-0.548112618959317,0,"cortex_late","down","promoter",FALSE,1,-0.242743286574139,0.292841591307765,"ERF"
"MA0474.2","ERG",-0.593170202356887,0,"cortex_late","down","promoter",FALSE,1,-0.0873122960994186,0.805953037975104,"ERG"
"MA0098.3","ETS1",-0.581042823339049,0,"cortex_late","down","promoter",FALSE,1,0.104463415808721,0.772417938339684,"ETS1"
"MA0762.1","ETV2",-0.534913035257163,0,"cortex_late","down","promoter",FALSE,1,0.566219601725347,0.363934910142764,"ETV2"
"MA0763.1","ETV3",-0.545590501073609,0,"cortex_late","down","promoter",FALSE,1,0.177937865999423,0.210212448262891,"ETV3"
"MA0768.1","LEF1",-0.12593425669455,0,"cortex_late","down","promoter",FALSE,1,1.90249484679824,0.0180652427067034,"LEF1"
"MA0772.1","IRF7",-0.0947745810913068,0,"cortex_late","down","promoter",FALSE,1,0.7856033099439,0.132250162995758,"IRF7"
"MA0773.1","MEF2D",0.137456731082724,0,"cortex_late","down","promoter",FALSE,1,0.277264857858333,0.129101237872296,"MEF2D"
"MA0774.1","MEIS2",-0.0074726846159674,0,"cortex_late","down","promoter",FALSE,1,0.00240920939135059,0.995459109912767,"MEIS2"
"MA0775.1","MEIS3",0.149174850908979,0,"cortex_late","down","promoter",FALSE,1,1.1314026229715,0.0600622512986775,"MEIS3"
"MA0776.1","MYBL1",-0.574640864785545,0,"cortex_late","down","promoter",FALSE,1,1.68538215945102,0.0122334468276326,"MYBL1"
"MA0777.1","MYBL2",0.0365237393732811,0,"cortex_late","down","promoter",FALSE,1,2.54167122737594,0.0167719163849104,"MYBL2"
"MA0105.4","NFKB1",-0.1276445187559,0,"cortex_late","down","promoter",FALSE,1,0.405257807980465,0.0892931004887569,"NFKB1"
"MA0778.1","NFKB2",0.0826002421096357,0,"cortex_late","down","promoter",FALSE,1,0.77218365080566,0.0869991698425003,"NFKB2"
"MA0783.1","PKNOX2",-0.475153903020843,0,"cortex_late","down","promoter",FALSE,1,0.394272824380476,0.38554530958871,"PKNOX2"
"MA0785.1","POU2F1",-0.109564163523984,0,"cortex_late","down","promoter",FALSE,1,0.223728842825509,0.428331585315998,"POU2F1"
"MA0788.1","POU3F3",-0.0987108815521021,0,"cortex_late","down","promoter",FALSE,1,0.0200365438456984,0.969373434085365,"POU3F3"
"MA0794.1","PROX1",0.200229156452186,0,"cortex_late","down","promoter",FALSE,1,-0.535703323737026,0.215777185403021,"PROX1"
"MA0600.2","RFX2",-0.441404860219672,0,"cortex_late","down","promoter",FALSE,1,-0.0877645373107878,0.778605028600402,"RFX2"
"MA0795.1","SMAD3",0.264956387155537,0,"cortex_late","down","promoter",FALSE,1,0.121366048735763,0.588111009882596,"SMAD3"
"MA0796.1","TGIF1",-0.30901014602639,0,"cortex_late","down","promoter",FALSE,1,0.794249406231259,0.024397496606554,"TGIF1"
"MA0797.1","TGIF2",0.0957736087441861,0,"cortex_late","down","promoter",FALSE,1,-0.0894147349062706,0.7842097534443,"TGIF2"
"MA0510.2","RFX5",-0.577171185178938,0,"cortex_late","down","promoter",FALSE,1,0.501414601589885,0.0983833366041225,"RFX5"
"MA0511.2","RUNX2",-0.0529468458448292,0,"cortex_late","down","promoter",FALSE,1,2.05009004792153,0.0144923202630453,"RUNX2"
"MA0800.1","EOMES",-0.456215937033773,0,"cortex_late","down","promoter",FALSE,1,2.3904244876289,0.0453884867683635,"EOMES"
"MA0801.1","MGA",-0.439938618958839,0,"cortex_late","down","promoter",FALSE,1,-0.00931677187637536,0.958610340545883,"MGA"
"MA0804.1","TBX19",0.20760964236841,0,"cortex_late","down","promoter",FALSE,1,-0.100633503188082,0.78140790859454,"TBX19"
"MA0805.1","TBX1",-0.425347600123157,0,"cortex_late","down","promoter",FALSE,1,2.16985939116411,0.0269522711228122,"TBX1"
"MA0808.1","TEAD3",-0.27038202675033,0,"cortex_late","down","promoter",FALSE,1,0.521680656924673,0.00638640839435599,"TEAD3"
"MA0464.2","BHLHE40",-0.2365402915523,0,"cortex_late","down","promoter",FALSE,1,0.314890752961937,0.346258513628138,"BHLHE40"
"MA0819.1","CLOCK",0.0169127887315579,0,"cortex_late","down","promoter",FALSE,1,-0.344584352748873,0.28800642738705,"CLOCK"
"MA0058.3","MAX",-0.00113949840721794,0,"cortex_late","down","promoter",FALSE,1,0.313773552899902,0.108168353844389,"MAX"
"MA0825.1","MNT",-0.000881260108531734,0,"cortex_late","down","promoter",FALSE,1,0.304610705223919,0.155485755617486,"MNT"
"MA0466.2","CEBPB",-0.467625111317691,0,"cortex_late","down","promoter",FALSE,1,1.55619495932372,0.00389864211258081,"CEBPB"
"MA0838.1","CEBPG",-0.251299876581448,0,"cortex_late","down","promoter",FALSE,1,0.301951506588183,0.0589993265624855,"CEBPG"
"MA0839.1","CREB3L1",-0.0743207941187816,0,"cortex_late","down","promoter",FALSE,1,2.43085209894203,0.00716078074477501,"CREB3L1"
"MA0844.1","XBP1",-0.157968630733619,0,"cortex_late","down","promoter",FALSE,1,0.348624663896845,0.0761247578428936,"XBP1"
"MA0032.2","FOXC1",-0.0108690488114087,0,"cortex_late","down","promoter",FALSE,1,-0.179032381938588,0.704299410394463,"FOXC1"
"MA0850.1","FOXP3",-0.0158668219571956,0,"cortex_late","down","promoter",FALSE,1,0.663757276125553,0.376792157653482,"FOXP3"
"MA0855.1","RXRB",0.166063562689499,0,"cortex_late","down","promoter",FALSE,1,-0.013595831285115,0.930702571123666,"RXRB"
"MA0856.1","RXRG",0.268957052064819,0,"cortex_late","down","promoter",FALSE,1,-0.381741342730905,0.672267685894918,"RXRG"
"MA0106.3","TP53",-0.565990836054937,0,"cortex_late","down","promoter",FALSE,1,0.627491614340639,0.0615087765804618,"TP53"
"MA0861.1","TP73",-0.391751784543275,0,"cortex_late","down","promoter",FALSE,1,0.198602394146859,0.740297241194491,"TP73"
"MA0862.1","GMEB2",0.127279418813639,0,"cortex_late","down","promoter",FALSE,1,0.069577144549104,0.653871256266482,"GMEB2"
"MA0024.3","E2F1",0.0471085488137222,0,"cortex_late","down","promoter",FALSE,1,-9.23251704945116e-05,0.999934552034004,"E2F1"
"MA0028.2","ELK1",-0.603848167727363,0,"cortex_late","down","promoter",FALSE,1,0.249401399433791,0.166237083287717,"ELK1"
"MA0886.1","EMX2",-0.12317545161586,0,"cortex_late","down","promoter",FALSE,1,-0.0119007550013999,0.973091095607023,"EMX2"
"MA0889.1","GBX1",-0.0819959167643916,0,"cortex_late","down","promoter",FALSE,1,-0.0757867066593149,0.915108276475197,"GBX1"
"MA0895.1","HMBOX1",0.10127533635981,0,"cortex_late","down","promoter",FALSE,1,-0.252011754315682,0.266230745950304,"HMBOX1"
"MA0899.1","HOXA10",-0.0954768098149605,0,"cortex_late","down","promoter",FALSE,1,-0.301074636628616,0.0624049336475272,"HOXA10"
"MA0903.1","HOXB3",-0.0890668406813431,0,"cortex_late","down","promoter",FALSE,1,0.316447877789761,0.288978893472889,"HOXB3"
"MA0905.1","HOXC10",-0.324478513557066,0,"cortex_late","down","promoter",FALSE,1,0.0829181808846,0.79923636090623,"HOXC10"
"MA0908.1","HOXD11",-0.578364083649575,0,"cortex_late","down","promoter",FALSE,1,0.530842005471124,0.28573497441396,"HOXD11"
"MA0852.2","FOXK1",0.126147210469462,0,"cortex_late","down","promoter",FALSE,1,-0.137536006976261,0.378982704233958,"FOXK1"
"MA0036.3","GATA2",0.178783059486959,0,"cortex_late","down","promoter",FALSE,1,-0.922089085870465,0.0238793397352311,"GATA2"
"MA1106.1","HIF1A",0.0257985328883112,0,"cortex_late","down","promoter",FALSE,1,1.14093533925004,0.00389864211258081,"HIF1A"
"MA0147.3","MYC",0.069077275687162,0,"cortex_late","down","promoter",FALSE,1,1.59019081752968,0.00294986225410836,"MYC"
"MA0104.4","MYCN",-0.0409398951738957,0,"cortex_late","down","promoter",FALSE,1,-0.269802710550367,0.400606413399665,"MYCN"
"MA0161.2","NFIC",-0.0583768598183552,0,"cortex_late","down","promoter",FALSE,1,0.0479395657695862,0.821202623198197,"NFIC"
"MA0060.3","NFYA",-0.134260272060665,0,"cortex_late","down","promoter",FALSE,1,0.127865048398804,0.449370859968367,"NFYA"
"MA0014.3","PAX5",0.0290835100784186,0,"cortex_late","down","promoter",FALSE,1,3.04953545833408,0.0676302692915357,"PAX5"
"MA1116.1","RBPJ",-0.0972004882183395,0,"cortex_late","down","promoter",FALSE,1,0.353842408100793,0.0476151303405136,"RBPJ"
"MA1117.1","RELB",-0.0429024935132523,0,"cortex_late","down","promoter",FALSE,1,1.03654016209544,0.0547321416976345,"RELB"
"MA1120.1","SOX13",0.0440877016873928,0,"cortex_late","down","promoter",FALSE,1,-0.0888534469175832,0.780316048879504,"SOX13"
"MA1121.1","TEAD2",-0.269383732602821,0,"cortex_late","down","promoter",FALSE,1,0.398929707202682,0.203416788736098,"TEAD2"
"MA1122.1","TFDP1",-0.0202160515732057,0,"cortex_late","down","promoter",FALSE,1,0.0491686458014362,0.730931570793093,"TFDP1"
"MA0750.2","ZBTB7A",-0.064890933696562,0,"cortex_late","down","promoter",FALSE,1,0.248832336953842,0.0635588376012692,"ZBTB7A"
"MA0103.3","ZEB1",0.0604456369430988,0,"cortex_late","down","promoter",FALSE,1,-0.226063817000626,0.436363855145491,"ZEB1"
"MA1124.1","ZNF24",0.0892968862391523,0,"cortex_late","down","promoter",FALSE,1,-0.117114807392734,0.498643138228834,"ZNF24"
"MA1125.1","ZNF384",-0.318407480251273,0,"cortex_late","down","promoter",FALSE,1,-0.198809362199945,0.119827039458488,"ZNF384"
"MA1154.1","ZNF282",-0.246247829956015,0,"cortex_late","down","promoter",FALSE,1,-0.0775515311263906,0.643492291567831,"ZNF282"
"MA0037.3","GATA3",-0.0662497800985413,0,"cortex_late","down","promoter",FALSE,1,-0.016450652305716,0.957898617959031,"GATA3"
"MA0099.3","FOS::JUN",0.00815965471815261,0,"cortex_late","down","promoter",FALSE,1,0.234618959475633,0.479714656230028,"JUN"
"MA1126.1","FOS::JUN(var.2)",-0.0193646077331504,0,"cortex_late","down","promoter",FALSE,1,0.0732688759655913,0.949948116968932,"FOS"
"MA1127.1","FOSB::JUN",0.116064611688654,0,"cortex_late","down","promoter",FALSE,1,0.234618959475633,0.479714656230028,"JUN"
"MA1128.1","FOSL1::JUN",0.212461828375435,0,"cortex_late","down","promoter",FALSE,1,2.10935552338616,0.016545053702966,"FOSL1"
"MA1129.1","FOSL1::JUN(var.2)",0.156449305352245,0,"cortex_late","down","promoter",FALSE,1,2.10935552338616,0.016545053702966,"FOSL1"
"MA1130.1","FOSL2::JUN",0.13051596036631,0,"cortex_late","down","promoter",FALSE,1,1.02846159986398,0.00413734877776558,"FOSL2"
"MA1131.1","FOSL2::JUN(var.2)",0.189597447515138,0,"cortex_late","down","promoter",FALSE,1,1.02846159986398,0.00413734877776558,"FOSL2"
"MA1132.1","JUN::JUNB",-0.380488637035617,0,"cortex_late","down","promoter",FALSE,1,0.987021576512366,0.0505275527139367,"JUNB"
"MA1134.1","FOS::JUNB",0.0174573246414536,0,"cortex_late","down","promoter",FALSE,1,0.987021576512366,0.0505275527139367,"JUNB"
"MA1135.1","FOSB::JUNB",0.00658428571329583,0,"cortex_late","down","promoter",FALSE,1,0.987021576512366,0.0505275527139367,"JUNB"
"MA1137.1","FOSL1::JUNB",0.148914815412807,0,"cortex_late","down","promoter",FALSE,1,2.10935552338616,0.016545053702966,"FOSL1"
"MA1138.1","FOSL2::JUNB",0.0180853803060792,0,"cortex_late","down","promoter",FALSE,1,1.02846159986398,0.00413734877776558,"FOSL2"
"MA1139.1","FOSL2::JUNB(var.2)",0.20249347516588,0,"cortex_late","down","promoter",FALSE,1,1.02846159986398,0.00413734877776558,"FOSL2"
"MA1141.1","FOS::JUND",0.181621738456299,0,"cortex_late","down","promoter",FALSE,1,0.176041424308677,0.44988657898698,"JUND"
"MA1142.1","FOSL1::JUND",0.0877123209192607,0,"cortex_late","down","promoter",FALSE,1,2.10935552338616,0.016545053702966,"FOSL1"
"MA1143.1","FOSL1::JUND(var.2)",-0.0518371173980583,0,"cortex_late","down","promoter",FALSE,1,2.10935552338616,0.016545053702966,"FOSL1"
"MA1144.1","FOSL2::JUND",-0.135641217147929,0,"cortex_late","down","promoter",FALSE,1,1.02846159986398,0.00413734877776558,"FOSL2"
"MA1146.1","NR1H4::RXRA",0.1033860304748,0,"cortex_late","down","promoter",FALSE,1,-1.4795007136102,0.0245097754849855,"NR1H4"
"MA1147.1","NR4A2::RXRA",0.0783756344779434,0,"cortex_late","down","promoter",FALSE,1,-0.35170414551812,0.0446090522371796,"RXRA"
"MA1148.1","PPARA::RXRA",0.0919253047215758,0,"cortex_late","down","promoter",FALSE,1,-1.40563125878995,0.0178870437190186,"PPARA"
"MA0831.2","TFE3",0.0471555614708148,0,"cortex_late","down","promoter",FALSE,1,0.0155579212628814,0.923689250327481,"TFE3"
"MA0693.2","VDR",-0.482779220510918,0,"cortex_late","down","promoter",FALSE,1,0.308192199139582,0.52607256528957,"VDR"
"MA1418.1","IRF3",0.218446469548972,0,"cortex_late","down","promoter",FALSE,1,0.331730650089508,0.258292443117683,"IRF3"
"MA1419.1","IRF4",-0.199076282831463,0,"cortex_late","down","promoter",FALSE,1,2.16610018581263,0.0460701980064735,"IRF4"
"MA1420.1","IRF5",0.0309779296326482,0,"cortex_late","down","promoter",FALSE,1,1.57352096860409,0.0485354503445092,"IRF5"
"MA1421.1","TCF7L1",-0.102367486604132,0,"cortex_late","down","promoter",FALSE,1,0.038125697307426,0.91510880833701,"TCF7L1"
"MA1464.1","ARNT2",-0.193918614755336,0,"cortex_late","down","promoter",FALSE,1,-0.217186729244624,0.505108166426022,"ARNT2"
"MA1466.1","ATF6",-0.169622331196667,0,"cortex_late","down","promoter",FALSE,1,0.0551701682574581,0.742498530039227,"ATF6"
"MA1471.1","BARX2",0.120904338595929,0,"cortex_late","down","promoter",FALSE,1,1.3366037487251,0.0795525268876396,"BARX2"
"MA1483.1","ELF2",-0.319212581788284,0,"cortex_late","down","promoter",FALSE,1,-0.0977781842415455,0.659184813609932,"ELF2"
"MA1484.1","ETS2",-0.458638364318202,0,"cortex_late","down","promoter",FALSE,1,0.235259681730191,0.403999783271664,"ETS2"
"MA1487.1","FOXE1",0.13703598100889,0,"cortex_late","down","promoter",FALSE,1,0.165545902554006,0.916757977262879,"FOXE1"
"MA1489.1","FOXN3",0.298445066932544,0,"cortex_late","down","promoter",FALSE,1,-0.0170264651052374,0.94824231177084,"FOXN3"
"MA1491.1","GLI3",0.0297954098566606,0,"cortex_late","down","promoter",FALSE,1,0.195846706149949,0.415523616044721,"GLI3"
"MA1493.1","HES6",0.113268450382817,0,"cortex_late","down","promoter",FALSE,1,0.139709716480486,0.681215870772818,"HES6"
"MA1496.1","HOXA4",-0.0692360465733906,0,"cortex_late","down","promoter",FALSE,1,-0.328579387546617,0.0889229578668277,"HOXA4"
"MA1497.1","HOXA6",-0.326274960791782,0,"cortex_late","down","promoter",FALSE,1,0.0684813732562888,0.802291316465486,"HOXA6"
"MA1498.1","HOXA7",-0.513018181354189,0,"cortex_late","down","promoter",FALSE,1,-0.644932767571269,0.020461876497108,"HOXA7"
"MA1499.1","HOXB4",0.129306873411342,0,"cortex_late","down","promoter",FALSE,1,-0.234371268411707,0.415156280676598,"HOXB4"
"MA1500.1","HOXB6",-0.578319590958197,0,"cortex_late","down","promoter",FALSE,1,0.112229652365349,0.762380463958116,"HOXB6"
"MA1501.1","HOXB7",-0.172638594214643,0,"cortex_late","down","promoter",FALSE,1,0.0546040514026656,0.882693100775046,"HOXB7"
"MA1502.1","HOXB8",-0.494508176341451,0,"cortex_late","down","promoter",FALSE,1,0.302957287113811,0.457526461585833,"HOXB8"
"MA1503.1","HOXB9",-0.366768842474116,0,"cortex_late","down","promoter",FALSE,1,0.139019574035474,0.798438427624629,"HOXB9"
"MA1504.1","HOXC4",0.146623792813508,0,"cortex_late","down","promoter",FALSE,1,0.126511795283852,0.692941947793839,"HOXC4"
"MA1505.1","HOXC8",-0.695940107718226,0,"cortex_late","down","promoter",FALSE,1,0.259697434719194,0.338502265852407,"HOXC8"
"MA1506.1","HOXD10",-0.306169487150366,0,"cortex_late","down","promoter",FALSE,1,0.250425744334608,0.521865736005921,"HOXD10"
"MA1508.1","IKZF1",0.0451335543645728,0,"cortex_late","down","promoter",FALSE,1,2.23956301583121,0.0306730728198086,"IKZF1"
"MA1511.1","KLF10",-0.0570282364992973,0,"cortex_late","down","promoter",FALSE,1,1.14345939925402,0.00717376791986162,"KLF10"
"MA1512.1","KLF11",-0.0430214100232238,0,"cortex_late","down","promoter",FALSE,1,0.568595440067086,0.160395225565707,"KLF11"
"MA1513.1","KLF15",-0.0230106852035483,0,"cortex_late","down","promoter",FALSE,1,-1.21191688966138,0.0504137175878336,"KLF15"
"MA1515.1","KLF2",-0.0478423677513948,0,"cortex_late","down","promoter",FALSE,1,1.09690384265259,0.011073244496898,"KLF2"
"MA1516.1","KLF3",-0.0887399320989513,0,"cortex_late","down","promoter",FALSE,1,0.259184857475672,0.16630168309976,"KLF3"
"MA1517.1","KLF6",-0.170224895014726,0,"cortex_late","down","promoter",FALSE,1,0.858501826661747,0.0204023158607641,"KLF6"
"MA1518.1","LHX1",-0.192490832525409,0,"cortex_late","down","promoter",FALSE,1,-1.25961386257443,0.0336592304463987,"LHX1"
"MA1522.1","MAZ",-0.0736495110418378,0,"cortex_late","down","promoter",FALSE,1,0.0818445163550425,0.76574810244375,"MAZ"
"MA1523.1","MSANTD3",-0.0919693684473906,0,"cortex_late","down","promoter",FALSE,1,-0.296078459342358,0.257325911940941,"MSANTD3"
"MA1525.1","NFATC4",-0.00833627178821494,0,"cortex_late","down","promoter",FALSE,1,1.00562403698568,0.0708583568185503,"NFATC4"
"MA1531.1","NR1D1",0.176146649137054,0,"cortex_late","down","promoter",FALSE,1,-0.952908464115697,0.0206843365698509,"NR1D1"
"MA1533.1","NR1I2",-0.173951327055313,0,"cortex_late","down","promoter",FALSE,1,-1.31956334777676,0.168613585950679,"NR1I2"
"MA1534.1","NR1I3",0.0185671153249221,0,"cortex_late","down","promoter",FALSE,1,-2.77151182229256,0.0208960878408056,"NR1I3"
"MA1541.1","NR6A1",0.174421675277996,0,"cortex_late","down","promoter",FALSE,1,-0.228536655670166,0.220257902756409,"NR6A1"
"MA1542.1","OSR1",0.0441121047301261,0,"cortex_late","down","promoter",FALSE,1,-0.283917499412603,0.593222395826596,"OSR1"
"MA1544.1","OVOL1",0.127417224034832,0,"cortex_late","down","promoter",FALSE,1,-0.499407127232584,0.324682019675354,"OVOL1"
"MA1545.1","OVOL2",-0.0262627885743463,0,"cortex_late","down","promoter",FALSE,1,-0.937384980994091,0.163092803632322,"OVOL2"
"MA1547.1","PITX2",0.0302036215210029,0,"cortex_late","down","promoter",FALSE,1,-0.887872832656273,0.104140563403556,"PITX2"
"MA1554.1","RFX7",0.0177709644976884,0,"cortex_late","down","promoter",FALSE,1,0.00244834820523376,0.993120758035164,"RFX7"
"MA1558.1","SNAI1",0.0300063620688977,0,"cortex_late","down","promoter",FALSE,1,1.08564336920093,0.0137953755692324,"SNAI1"
"MA1561.1","SOX12",-0.107868863284914,0,"cortex_late","down","promoter",FALSE,1,-0.361349976612461,0.262467188837292,"SOX12"
"MA1563.1","SOX18",-0.340142183175035,0,"cortex_late","down","promoter",FALSE,1,0.00292157347417987,0.994506061237315,"SOX18"
"MA1566.1","TBX3",-0.269977252566705,0,"cortex_late","down","promoter",FALSE,1,0.102915683841081,0.740297241194491,"TBX3"
"MA1567.1","TBX6",-0.357516669082002,0,"cortex_late","down","promoter",FALSE,1,-0.535548446437226,0.276636771493716,"TBX6"
"MA1573.1","THAP11",0.0178714431458085,0,"cortex_late","down","promoter",FALSE,1,-0.110290111666856,0.630704109734632,"THAP11"
"MA1578.1","VEZF1",0.00888647689474098,0,"cortex_late","down","promoter",FALSE,1,0.13098633501567,0.409155788581504,"VEZF1"
"MA1579.1","ZBTB26",0.108308065846316,0,"cortex_late","down","promoter",FALSE,1,-0.364494695356772,0.225241831539457,"ZBTB26"
"MA1581.1","ZBTB6",0.0524720635834486,0,"cortex_late","down","promoter",FALSE,1,-0.184074101784175,0.643162161370863,"ZBTB6"
"MA1583.1","ZFP57",-0.00143966742577462,0,"cortex_late","down","promoter",FALSE,1,-0.103947425277808,0.474366253525041,"ZFP57"
"MA1585.1","ZKSCAN1",0.156047438307093,0,"cortex_late","down","promoter",FALSE,1,-0.186655574377817,0.415452988665755,"ZKSCAN1"
"MA1589.1","ZNF140",-0.0502371288591377,0,"cortex_late","down","promoter",FALSE,1,0.363278994076396,0.263827011539419,"ZNF140"
"MA1593.1","ZNF317",0.0160377535047642,0,"cortex_late","down","promoter",FALSE,1,0.188070251113703,0.109815886554582,"ZNF317"
"MA1594.1","ZNF382",-0.0624060433615994,0,"cortex_late","down","promoter",FALSE,1,-0.0948771776808257,0.766102078741142,"ZNF382"
"MA1600.1","ZNF684",0.207222142354246,0,"cortex_late","down","promoter",FALSE,1,0.24699524891876,0.36331335292729,"ZNF684"
"MA1601.1","ZNF75D",0.0558991112586966,0,"cortex_late","down","promoter",FALSE,1,-0.0343495463244183,0.819366268136413,"ZNF75D"
"MA1602.1","ZSCAN29",-0.0407373386158376,0,"cortex_late","down","promoter",FALSE,1,-0.171044960347177,0.361383173126386,"ZSCAN29"
"MA0605.2","ATF3",0.0266192886493681,0,"cortex_late","down","promoter",FALSE,1,1.22781244711171,0.0296699168924001,"ATF3"
"MA0462.2","BATF::JUN",0.0409507472559838,0,"cortex_late","down","promoter",FALSE,1,1.56394663954186,0.0618399334525825,"BATF"
"MA0463.2","BCL6",0.172373451192525,0,"cortex_late","down","promoter",FALSE,1,0.288789596975512,0.336304604074261,"BCL6"
"MA0864.2","E2F2",-0.256817734465536,0,"cortex_late","down","promoter",FALSE,1,2.16310203768275,0.0266657347108946,"E2F2"
"MA0469.3","E2F3",-0.12210731658201,0,"cortex_late","down","promoter",FALSE,1,0.0639608022362301,0.86849553817273,"E2F3"
"MA0470.2","E2F4",-0.266591786085757,0,"cortex_late","down","promoter",FALSE,1,0.268943575403831,0.186817082099646,"E2F4"
"MA0612.2","EMX1",-0.230603999042087,0,"cortex_late","down","promoter",FALSE,1,-1.49587894973875,0.0146499492356548,"EMX1"
"MA0766.2","GATA5",-0.0429515087410008,0,"cortex_late","down","promoter",FALSE,1,-0.858321146014657,0.090824984476688,"GATA5"
"MA0038.2","GFI1",0.234691618964957,0,"cortex_late","down","promoter",FALSE,1,2.40048037565185,0.0212169709480674,"GFI1"
"MA0734.2","GLI2",-0.0155942889415872,0,"cortex_late","down","promoter",FALSE,1,1.5218799508573,0.0166052938123415,"GLI2"
"MA0900.2","HOXA2",-0.0711264827504072,0,"cortex_late","down","promoter",FALSE,1,0.457069078698871,0.245528809764773,"HOXA2"
"MA0158.2","HOXA5",-0.265051883750764,0,"cortex_late","down","promoter",FALSE,1,0.0352279979290078,0.893093359002962,"HOXA5"
"MA0594.2","HOXA9",-0.667405190254714,0,"cortex_late","down","promoter",FALSE,1,-0.207499195594185,0.336693854373909,"HOXA9"
"MA0902.2","HOXB2",-0.21405466272247,0,"cortex_late","down","promoter",FALSE,1,0.178148109043944,0.617110319099526,"HOXB2"
"MA0904.2","HOXB5",-0.35730420830831,0,"cortex_late","down","promoter",FALSE,1,-0.00140329455360844,0.997357511683444,"HOXB5"
"MA0485.2","HOXC9",-0.347183508649962,0,"cortex_late","down","promoter",FALSE,1,0.0106923027358348,0.973223681010187,"HOXC9"
"MA0912.2","HOXD3",-0.248630722481932,0,"cortex_late","down","promoter",FALSE,1,-0.173370878751268,0.515568530855192,"HOXD3"
"MA0910.2","HOXD8",-0.72899571847868,0,"cortex_late","down","promoter",FALSE,1,-0.247006857707948,0.459135421366113,"HOXD8"
"MA0913.2","HOXD9",-0.0469931665826566,0,"cortex_late","down","promoter",FALSE,1,-0.220051670664814,0.432420314672991,"HOXD9"
"MA0703.2","LMX1B",-0.384989242087243,0,"cortex_late","down","promoter",FALSE,1,-1.84069961652843,0.0180418116823236,"LMX1B"
"MA0842.2","NRL",-0.200285101879385,0,"cortex_late","down","promoter",FALSE,1,-0.663213236069124,0.0389492960832284,"NRL"
"MA0075.3","PRRX2",-0.149772368472717,0,"cortex_late","down","promoter",FALSE,1,2.1194664143216,0.0196498713122675,"PRRX2"
"MA0867.2","SOX4",-0.19711007864202,0,"cortex_late","down","promoter",FALSE,1,0.301882913349457,0.545106407190992,"SOX4"
"MA0079.4","SP1",-0.161332836809433,0,"cortex_late","down","promoter",FALSE,1,-0.0538910415322489,0.794592964838596,"SP1"
"MA0516.2","SP2",-0.0414711806768215,0,"cortex_late","down","promoter",FALSE,1,0.0672624806107178,0.724169610801314,"SP2"
"MA0746.2","SP3",-0.038009424969756,0,"cortex_late","down","promoter",FALSE,1,0.109857962317119,0.548861568587062,"SP3"
"MA0632.2","TCFL5",0.0745871462832195,0,"cortex_late","down","promoter",FALSE,1,-0.219376841216913,0.33426805669732,"TCFL5"
"MA0871.2","TFEC",0.018448743373102,0,"cortex_late","down","promoter",FALSE,1,-1.14927017579855,0.0819612126195886,"TFEC"
"MA0753.2","ZNF740",-0.0192927884007847,0,"cortex_late","down","promoter",FALSE,1,0.140793219266418,0.383650068966542,"ZNF740"
"MA1632.1","ATF2",0.201891501372179,0,"cortex_late","down","promoter",FALSE,1,-0.209500134725169,0.190631785514542,"ATF2"
"MA1633.1","BACH1",-0.0628329655503039,0,"cortex_late","down","promoter",FALSE,1,0.215623552209181,0.426882226405801,"BACH1"
"MA1634.1","BATF",0.0539976707171652,0,"cortex_late","down","promoter",FALSE,1,1.56394663954186,0.0618399334525825,"BATF"
"MA1643.1","NFIB",0.10541565447512,0,"cortex_late","down","promoter",FALSE,1,-0.801967209982136,0.0310195339310119,"NFIB"
"MA1644.1","NFYC",-0.196388434998866,0,"cortex_late","down","promoter",FALSE,1,-0.405333178581786,0.0356282910709909,"NFYC"
"MA1647.1","PRDM4",0.0079684111358107,0,"cortex_late","down","promoter",FALSE,1,0.0432959774066282,0.825200630474584,"PRDM4"
"MA1649.1","ZBTB12",-0.025943552438382,0,"cortex_late","down","promoter",FALSE,1,-0.134894266462391,0.747528241936079,"ZBTB12"
"MA1650.1","ZBTB14",-0.00195519717430948,0,"cortex_late","down","promoter",FALSE,1,-0.160356275441869,0.296425439214427,"ZBTB14"
"MA1651.1","ZFP42",-0.219050124840287,0,"cortex_late","down","promoter",FALSE,1,0.590383423050386,0.229993067100302,"ZFP42"
"MA1653.1","ZNF148",-0.0164692496756036,0,"cortex_late","down","promoter",FALSE,1,-0.304674016324364,0.0990096020999713,"ZNF148"
"MA1654.1","ZNF16",-0.523689022207435,0,"cortex_late","down","promoter",FALSE,1,0.0361068081639608,0.858138167792166,"ZNF16"
"MA1655.1","ZNF341",-0.155999066396957,0,"cortex_late","down","promoter",FALSE,1,-0.0568824868307107,0.802263160430005,"ZNF341"
"MA1656.1","ZNF449",0.019408156623725,0,"cortex_late","down","promoter",FALSE,1,0.295598152723616,0.409591317759226,"ZNF449"
"MA1657.1","ZNF652",-0.309959371075783,0,"cortex_late","down","promoter",FALSE,1,-0.223573800710028,0.291824000832322,"ZNF652"
"MA0833.2","ATF4",0.134452393131796,0,"cortex_late","down","promoter",FALSE,1,0.554828797699761,0.0497667357402476,"ATF4"
"MA0835.2","BATF3",-0.0640975515013364,0,"cortex_late","down","promoter",FALSE,1,0.857094975164021,0.254780467456984,"BATF3"
"MA0836.2","CEBPD",-0.0312239900786677,0,"cortex_late","down","promoter",FALSE,1,1.44345369263554,0.00638640839435599,"CEBPD"
"MA0018.4","CREB1",0.172239640525668,0,"cortex_late","down","promoter",FALSE,1,0.00394460007507025,0.984418522268869,"CREB1"
"MA0471.2","E2F6",-0.0590800674444694,0,"cortex_late","down","promoter",FALSE,1,0.242438800757994,0.097624693395725,"E2F6"
"MA0162.4","EGR1",0.0123728394494247,0,"cortex_late","down","promoter",FALSE,1,0.993488240979284,0.175778955921886,"EGR1"
"MA0598.3","EHF",0.0112929558478907,0,"cortex_late","down","promoter",FALSE,1,1.70579233716635,0.00623660714767927,"EHF"
"MA0473.3","ELF1",-0.132111632946635,0,"cortex_late","down","promoter",FALSE,1,0.186522063855572,0.239380690744905,"ELF1"
"MA0640.2","ELF3",-0.0660571870101503,0,"cortex_late","down","promoter",FALSE,1,1.40737148274039,0.00810709036805467,"ELF3"
"MA0761.2","ETV1",-0.0779471982339617,0,"cortex_late","down","promoter",FALSE,1,0.22212751917251,0.472527978995924,"ETV1"
"MA0764.2","ETV4",0.00282299785182794,0,"cortex_late","down","promoter",FALSE,1,2.71675802860031,0.00392533768056333,"ETV4"
"MA0765.2","ETV5",-0.230521257884838,0,"cortex_late","down","promoter",FALSE,1,-0.646748228578178,0.276180209783554,"ETV5"
"MA0477.2","FOSL1",0.0557192261559463,0,"cortex_late","down","promoter",FALSE,1,2.10935552338616,0.016545053702966,"FOSL1"
"MA1103.2","FOXK2",0.136467096616315,0,"cortex_late","down","promoter",FALSE,1,-0.354193883277111,0.0412444543084018,"FOXK2"
"MA0481.3","FOXP1",-0.00561993356887047,0,"cortex_late","down","promoter",FALSE,1,0.0808789329271917,0.774532961151454,"FOXP1"
"MA0062.3","GABPA",-0.0990960944167787,0,"cortex_late","down","promoter",FALSE,1,-0.268993180096397,0.0817415438809548,"GABPA"
"MA0482.2","GATA4",0.151073269195421,0,"cortex_late","down","promoter",FALSE,1,-0.504200287194804,0.711362867217369,"GATA4"
"MA1104.2","GATA6",-0.0281940232951969,0,"cortex_late","down","promoter",FALSE,1,1.18590412577478,0.0411088110400008,"GATA6"
"MA1105.2","GRHL2",-0.150957608374441,0,"cortex_late","down","promoter",FALSE,1,0.210334170305685,0.455926607530173,"GRHL2"
"MA0043.3","HLF",0.0976915158654013,0,"cortex_late","down","promoter",FALSE,1,-1.25933301879321,0.0342637808381269,"HLF"
"MA0114.4","HNF4A",-0.0523181847237266,0,"cortex_late","down","promoter",FALSE,1,-1.25980610586777,0.0892649856453942,"HNF4A"
"MA0484.2","HNF4G",-0.000677078954064214,0,"cortex_late","down","promoter",FALSE,1,-1.67052276942475,0.0161564174664684,"HNF4G"
"MA0490.2","JUNB",0.142124833974879,0,"cortex_late","down","promoter",FALSE,1,0.987021576512366,0.0505275527139367,"JUNB"
"MA0491.2","JUND",0.0279129978805672,0,"cortex_late","down","promoter",FALSE,1,0.176041424308677,0.44988657898698,"JUND"
"MA0039.4","KLF4",0.0315368577874562,0,"cortex_late","down","promoter",FALSE,1,1.14570658880913,0.00389864211258081,"KLF4"
"MA1107.2","KLF9",0.0173313199762006,0,"cortex_late","down","promoter",FALSE,1,-0.197012528931298,0.780229556932,"KLF9"
"MA0495.3","MAFF",0.023712067459992,0,"cortex_late","down","promoter",FALSE,1,1.19899802643827,0.0273036282512805,"MAFF"
"MA0659.2","MAFG",0.0746150817514613,0,"cortex_late","down","promoter",FALSE,1,0.110727696998016,0.540526967059497,"MAFG"
"MA0496.3","MAFK",-0.0715528410272599,0,"cortex_late","down","promoter",FALSE,1,-0.0592938378199301,0.820849080597603,"MAFK"
"MA0620.3","MITF",0.1602770088795,0,"cortex_late","down","promoter",FALSE,1,-0.421950461520824,0.084258042308899,"MITF"
"MA1108.2","MXI1",-0.128199212877187,0,"cortex_late","down","promoter",FALSE,1,-0.8408892143695,0.0324376444095301,"MXI1"
"MA0089.2","NFE2L1",0.236743433280997,0,"cortex_late","down","promoter",FALSE,1,0.39550938680892,0.0167434207201977,"NFE2L1"
"MA0025.2","NFIL3",-0.309450961178232,0,"cortex_late","down","promoter",FALSE,1,0.216310606034646,0.452315044303837,"NFIL3"
"MA0502.2","NFYB",-0.305041243817097,0,"cortex_late","down","promoter",FALSE,1,0.0535703405217713,0.791034907841889,"NFYB"
"MA0679.2","ONECUT1",-0.0930258968206141,0,"cortex_late","down","promoter",FALSE,1,-0.305681157401709,0.79726462709597,"ONECUT1"
"MA1113.2","PBX2",0.260171057834709,0,"cortex_late","down","promoter",FALSE,1,-0.0716879256131486,0.592499892421122,"PBX2"
"MA0782.2","PKNOX1",0.0761121710224764,0,"cortex_late","down","promoter",FALSE,1,0.0430717643209224,0.812897682609181,"PKNOX1"
"MA0508.3","PRDM1",0.0210213010907152,0,"cortex_late","down","promoter",FALSE,1,0.851380000503385,0.102516486577911,"PRDM1"
"MA0509.2","RFX1",-0.175750876046203,0,"cortex_late","down","promoter",FALSE,1,-0.0862975991716723,0.767027162375109,"RFX1"
"MA0798.2","RFX3",-0.088650281420656,0,"cortex_late","down","promoter",FALSE,1,-0.369887629903715,0.0899832485099614,"RFX3"
"MA0745.2","SNAI2",0.0553378416994148,0,"cortex_late","down","promoter",FALSE,1,0.643499167235776,0.093934214104676,"SNAI2"
"MA0080.5","SPI1",-0.0811330058896687,0,"cortex_late","down","promoter",FALSE,1,2.08688724918781,0.0277096386312101,"SPI1"
"MA0081.2","SPIB",-0.0582164339323574,0,"cortex_late","down","promoter",FALSE,1,4.0841758316319,0.0141010765844496,"SPIB"
"MA0522.3","TCF3",-0.031270907716431,0,"cortex_late","down","promoter",FALSE,1,0.557824702012325,0.164946685394945,"TCF3"
"MA0830.2","TCF4",0.00712850978425728,0,"cortex_late","down","promoter",FALSE,1,0.230313803831776,0.515529818856741,"TCF4"
"MA0090.3","TEAD1",-0.120918449698951,0,"cortex_late","down","promoter",FALSE,1,0.021731518988295,0.95950778813433,"TEAD1"
"MA0809.2","TEAD4",-0.187950774635892,0,"cortex_late","down","promoter",FALSE,1,0.94200136013122,0.0116730618613006,"TEAD4"
"MA0003.4","TFAP2A",0.0292061984614005,0,"cortex_late","down","promoter",FALSE,1,0.136494272440522,0.671569041798904,"TFAP2A"
"MA0093.3","USF1",-0.0895427165556608,0,"cortex_late","down","promoter",FALSE,1,0.205963435892328,0.466491178494197,"USF1"
"MA0526.3","USF2",-0.00179458639305974,0,"cortex_late","down","promoter",FALSE,1,-0.254954552846203,0.144650105291358,"USF2"
"MA0528.2","ZNF263",-0.0845112927646952,0,"cortex_late","down","promoter",FALSE,1,0.297947962619334,0.149510985786169,"ZNF263"
"MA0609.2","CREM",0.047492794081414,0,"cortex_late","down","promoter",FALSE,1,0.641070187614052,0.023886407704992,"CREM"
"MA0729.1","RARA",NA,NA,"cortex_late","down","promoter",FALSE,NA,0.149275406051572,0.583960222172284,"RARA"
