"gene_symbol","direction","module","retained"
"SYT7","up","7",FALSE
"GPR182","up","6",FALSE
"MYADM","up","3",FALSE
"PLAAT3","up","6",FALSE
"PDE2A","up","7",FALSE
"CMKLR1","up","5",FALSE
"FBLIM1","up","1",FALSE
"NOSTRIN","up","8",FALSE
"TPM4","up","5",FALSE
"LRRN4CL","up","1",FALSE
"SFN","up","6",FALSE
"FSTL3","up","6",FALSE
"BASP1","up","1",FALSE
"TRANK1","up","4",FALSE
"MTMR11","up","10",FALSE
"PLAUR","up","6",FALSE
"ACVRL1","up","3",FALSE
"NOS3","up","2",FALSE
"CLDN3","up","6",FALSE
"VIM","up","2",FALSE
"MARCKSL1","up","6",FALSE
"VSIR","up","3",FALSE
"CD14","up","1",FALSE
"ANXA2","up","3",FALSE
"ICAM1","up","3",FALSE
"ANGPTL4","up","2",FALSE
"XPO6","up","2",FALSE
"CRISPLD2","up","1",FALSE
"NOTCH4","up","7",FALSE
"GPR153","up","6",FALSE
"RASD1","up","2",FALSE
"CAPN5","up","2",FALSE
"CD1D","up","5",FALSE
"ZYX","up","3",FALSE
"PLD2","up","3",FALSE
"GFOD1","up","9",FALSE
"SOCS1","up","6",FALSE
"SERPINE2","up","9",FALSE
"ANXA1","up","5",FALSE
"TSPAN14","up","3",FALSE
"LOC101100942","up","4",FALSE
"EFHD2","up","3",FALSE
"CEMIP","up","8",FALSE
"RGS4","up","1",FALSE
"AURKB","up","6",FALSE
"OAS2","up","4",FALSE
"MOV10L1","up","6",FALSE
"DNASE1L1","up","3",FALSE
"FCHSD1","up","2",FALSE
"CASP4","up","4",FALSE
"ACTN1","up","1",FALSE
"FAM110B","up","6",FALSE
"ZSWIM4","up","9",FALSE
"SLC11A1","up","1",FALSE
"CD209","up","1",FALSE
"GALNT15","up","7",FALSE
"CRLF2","up","1",FALSE
"JPT1","up","4",FALSE
"PDGFA","up","4",FALSE
"SLC16A5","up","2",FALSE
"NEXN","up","9",FALSE
"CASKIN2","up","7",FALSE
"S1PR1","up","10",FALSE
"EVA1C","up","9",FALSE
"RASSF1","up","3",FALSE
"FABP4","up","8",FALSE
"LAIR1","up","1",FALSE
"MPZL1","up","4",FALSE
"ITGA5","up","3",FALSE
"RNF31","up","4",FALSE
"ZNF687","up","2",FALSE
"STAT6","up","4",FALSE
"VAMP1","up","3",FALSE
"LOC101098498","up","2",FALSE
"CDC42EP1","up","5",FALSE
"DNASE1L3","up","6",FALSE
"SEMA4B","up","2",FALSE
"ETV7","up","2",FALSE
"CNN2","up","3",FALSE
"KLF2","up","3",FALSE
"LCNL1","up","5",FALSE
"TMEM123","up","2",FALSE
"MYORG","up","6",FALSE
"MCM5","up","6",FALSE
"RELB","up","6",FALSE
"LDAF1","up","1",FALSE
"LRFN4","up","3",FALSE
"TTC39A","up","1",FALSE
"ICOSLG","up","3",FALSE
"GNAI2","up","3",FALSE
"CDKN2B","up","4",FALSE
"PHF11","up","4",FALSE
"TMEM151A","up","1",FALSE
"PPARD","up","5",FALSE
"POLD1","up","6",FALSE
"TRIM35","up","1",FALSE
"CEBPB","up","3",FALSE
"GLIPR2","up","3",FALSE
"MAP3K6","up","6",FALSE
"LOC102901560","up","5",FALSE
"LOC101091023","up","4",FALSE
"PDE1B","up","1",FALSE
"FHL1","up","9",FALSE
"TRIB3","up","1",FALSE
"HYAL2","up","5",FALSE
"PTPN5","up","5",FALSE
"LOC101081428","up","6",FALSE
"IL15RA","up","1",FALSE
"LOC101083444","up","1",FALSE
"RIN1","up","3",FALSE
"ITPKC","up","2",FALSE
"TMEM100","up","11",FALSE
"MEX3A","up","2",FALSE
"ADAM15","up","3",FALSE
"TNKS1BP1","up","5",FALSE
"MYO1C","up","5",FALSE
"CHST1","up","10",FALSE
"ZBTB46","up","8",FALSE
"SLC9A1","up","2",FALSE
"GLIPR1","up","1",FALSE
"PIEZO1","up","6",FALSE
"DOC2B","up","5",FALSE
"SNAI2","up","9",FALSE
"CPT1C","up","10",FALSE
"CHST11","up","4",FALSE
"LIG1","up","1",FALSE
"GRK3","up","1",FALSE
"CLIC1","up","3",FALSE
"SMIM6","up","10",FALSE
"S100A6","up","3",FALSE
"PODN","up","5",FALSE
"ELK3","up","8",FALSE
"LOC101080845","up","6",FALSE
"PIK3R6","up","2",FALSE
"ACTG1","up","6",FALSE
"CDR2L","up","9",FALSE
"KLHL26","up","6",FALSE
"SOAT1","up","4",FALSE
"LOC105259618","up","3",FALSE
"TRPV6","up","2",FALSE
"KANK3","up","5",FALSE
"MMD","up","1",FALSE
"ADORA2A","up","8",FALSE
"PLK3","up","9",FALSE
"UNK","up","8",FALSE
"CAPG","up","5",FALSE
"MGLL","up","6",FALSE
"KRT19","up","6",FALSE
"IL4R","up","3",FALSE
"CACNB1","up","10",FALSE
"S100A11","up","3",FALSE
"NRP2","up","8",FALSE
"FYN","up","11",FALSE
"CLIC6","up","2",FALSE
"AHNAK2","up","10",FALSE
"IRF9","up","4",FALSE
"MAP7D3","up","10",FALSE
"CSRP1","up","9",FALSE
"IRF2BPL","up","10",FALSE
"BZW2","up","2",FALSE
"FLNA","up","9",FALSE
"MYD88","up","6",FALSE
"CNP","up","3",FALSE
"APOLD1","up","9",FALSE
"PLP2","up","3",FALSE
"LOC102901922","up","6",FALSE
"SLC6A2","up","6",FALSE
"PHC2","up","3",FALSE
"SCN5A","up","4",FALSE
"KRBA1","up","10",FALSE
"SERPINE1","up","9",FALSE
"LGALS9","up","4",FALSE
"PADI1","up","2",FALSE
"PEA15","up","3",FALSE
"TGFBI","up","1",FALSE
"ARRDC5","up","4",FALSE
"TMPRSS13","up","10",FALSE
"LOC102899466","up","2",FALSE
"TPM1","up","1",FALSE
"ST6GALNAC4","up","3",FALSE
"PARVB","up","11",FALSE
"NXNL2","up","9",FALSE
"INPP5A","up","1",FALSE
"CPNE2","up","8",FALSE
"GALNT6","up","1",FALSE
"DUSP5","up","6",FALSE
"RELA","up","5",FALSE
"ZNF746","up","3",FALSE
"CXCL16","up","1",FALSE
"HSPB11","up","4",FALSE
"PIGZ","up","7",FALSE
"UBASH3B","up","1",FALSE
"RAMP2","up","8",FALSE
"LOC102899165","up","8",FALSE
"CF1H1orf112","up","7",FALSE
"LOC111556173","up","1",FALSE
"DGKA","up","4",FALSE
"PPP1R9B","up","5",FALSE
"IER3","up","2",FALSE
"KCNAB2","up","1",FALSE
"AGR2","up","6",FALSE
"CDC42EP5","up","3",FALSE
"LOC102902050","up","6",FALSE
"LOC111561763","up","1",FALSE
"ADCY4","up","3",FALSE
"IL1RL2","up","3",FALSE
"MUC1","up","10",FALSE
"PCYOX1L","up","3",FALSE
"TRIM14","up","2",FALSE
"MMP28","up","4",FALSE
"BCL3","up","6",FALSE
"CSTB","up","1",FALSE
"LOC101093951","up","8",FALSE
"OSMR","up","9",FALSE
"COTL1","up","1",FALSE
"LAMC2","up","2",FALSE
"SELENOM","up","3",FALSE
"GRIN3A","up","9",FALSE
"STUM","up","5",FALSE
"GNG11","up","8",FALSE
"WFDC1","up","1",FALSE
"MX1","up","4",FALSE
"HS3ST1","up","4",FALSE
"HTRA1","up","4",FALSE
"BATF2","up","5",FALSE
"TNFRSF1A","up","3",FALSE
"YWHAH","up","7",FALSE
"LOC105260551","up","4",FALSE
"PVR","up","2",FALSE
"KRT17","up","6",FALSE
"HDAC7","up","5",FALSE
"CENPW","up","6",FALSE
"LOC101084636","up","11",FALSE
"CCDC187","up","2",FALSE
"C1QB","up","1",FALSE
"NOD1","up","4",FALSE
"DHX58","up","4",FALSE
"MMP19","up","1",FALSE
"PSTPIP2","up","2",FALSE
"TAP2","up","4",FALSE
"TOX","up","7",FALSE
"REM1","up","3",FALSE
"FMO2","up","7",FALSE
"SLC66A3","up","4",FALSE
"HES1","up","5",FALSE
"CAVIN1","up","11",FALSE
"EFNA3","up","3",FALSE
"MSRB3","up","4",FALSE
"BAK1","up","6",FALSE
"PSMB9","up","4",FALSE
"LGALS3","up","6",FALSE
"CTXND1","up","8",FALSE
"MBOAT1","up","4",FALSE
"IFNGR2","up","1",FALSE
"SLC5A5","up","2",FALSE
"CCDC120","up","7",FALSE
"CYP4V2","up","2",FALSE
"TAPBPL","up","3",FALSE
"HID1","up","8",FALSE
"SLC44A2","up","8",FALSE
"TRIM21","up","4",FALSE
"FOSL2","up","2",FALSE
"TBC1D1","up","10",FALSE
"MID1IP1","up","2",FALSE
"PFN1","up","3",FALSE
"ERO1A","up","7",FALSE
"HMOX1","up","11",FALSE
"LOC109501870","up","6",FALSE
"BSPRY","up","2",FALSE
"LOC101101321","up","5",FALSE
"LOC102901658","up","2",FALSE
"PRUNE2","up","8",FALSE
"SH2D3C","up","8",FALSE
"CSF1","up","5",FALSE
"STAT3","up","6",FALSE
"PSMB8","up","4",FALSE
"ELF4","up","2",FALSE
"CDR2","up","9",FALSE
"ZMYND15","up","6",FALSE
"FHOD1","up","1",FALSE
"ROBO4","up","8",FALSE
"CDCA4","up","6",FALSE
"REC8","up","4",FALSE
"IGSF9","up","4",FALSE
"HKDC1","up","2",FALSE
"SYK","up","11",FALSE
"SNCAIP","up","7",FALSE
"AGER","up","3",FALSE
"LITAF","up","5",FALSE
"TUBB6","up","9",FALSE
"FJX1","up","8",FALSE
"HAUS5","up","6",FALSE
"NR2E1","up","2",FALSE
"IL27RA","up","1",FALSE
"MAP1B","up","7",FALSE
"FGR","up","5",FALSE
"RNF39","up","5",FALSE
"PLPP5","up","2",FALSE
"LDB1","up","3",FALSE
"CFAP73","up","2",FALSE
"LCAT","up","5",FALSE
"P2RY14","up","10",FALSE
"NBL1","up","1",FALSE
"ATP2C2","up","2",FALSE
"MXRA7","up","11",FALSE
"CCDC24","up","3",FALSE
"ENO2","up","11",FALSE
"KCNN4","up","1",FALSE
"ZNF350","up","2",FALSE
"CMTM3","up","1",FALSE
"SRF","up","8",FALSE
"CAPN1","up","5",FALSE
"UBA7","up","4",FALSE
"EPHX1","up","9",FALSE
"SMIM3","up","10",FALSE
"TNFAIP2","up","1",FALSE
"C1QC","up","1",FALSE
"SEMA4F","up","4",FALSE
"DNM1","up","1",FALSE
"PRAG1","up","4",FALSE
"EFS","up","10",FALSE
"AGPAT4","up","3",FALSE
"CFB","up","11",FALSE
"CCR1","up","1",FALSE
"EPHB3","up","10",FALSE
"LOC101096438","up","7",FALSE
"TNFSF9","up","4",FALSE
"CLIP2","up","3",FALSE
"SOCS3","up","2",FALSE
"COL13A1","up","6",FALSE
"HIC1","up","11",FALSE
"TLE1","up","2",FALSE
"SYT6","up","10",FALSE
"PRR15","up","2",FALSE
"SMIM5","up","10",FALSE
"LMTK3","up","2",FALSE
"AP4M1","up","3",FALSE
"STEAP4","up","9",FALSE
"BATF","up","3",FALSE
"CEBPD","up","6",FALSE
"MEIS3","up","3",FALSE
"MAPRE1","up","2",FALSE
"DLG4","up","11",FALSE
"TRPM2","up","1",FALSE
"C1QA","up","1",FALSE
"CB3H15orf48","up","6",FALSE
"PRR5L","up","2",FALSE
"ELF3","up","2",FALSE
"FCGR3A","up","1",FALSE
"ADAMTS8","up","1",FALSE
"RHOJ","up","7",FALSE
"SOCS2","up","8",FALSE
"PALD1","up","5",FALSE
"TBC1D2B","up","1",FALSE
"PISD","up","3",FALSE
"ST3GAL4","up","11",FALSE
"SLC43A2","up","2",FALSE
"NIBAN2","up","5",FALSE
"OAS1","up","4",FALSE
"PDCD1","up","1",FALSE
"ACER2","up","2",FALSE
"CC1H2orf72","up","7",FALSE
"PPRC1","up","9",FALSE
"TRIP10","up","5",FALSE
"UPP1","up","6",FALSE
"CHI3L1","up","1",FALSE
"RASAL1","up","10",FALSE
"IL7R","up","1",FALSE
"ZSWIM3","up","5",FALSE
"STXBP1","up","7",FALSE
"MAFF","up","9",FALSE
"GIPC1","up","10",FALSE
"SYT11","up","9",FALSE
"DCAF15","up","3",FALSE
"TIMP4","up","6",FALSE
"TNFRSF12A","up","6",FALSE
"TLCD5","up","7",FALSE
"JDP2","up","5",FALSE
"MFSD10","up","5",FALSE
"IRF1","up","1",FALSE
"SELL","up","1",FALSE
"RIPK3","up","1",FALSE
"IER5L","up","3",FALSE
"TGFB3","up","9",FALSE
"PRKX","up","7",FALSE
"RNF144A","up","7",FALSE
"CYP21A2","up","1",FALSE
"PPP1R13L","up","5",FALSE
"ISG20","up","3",FALSE
"RASL11B","up","10",FALSE
"LOC101097853","up","7",FALSE
"TSC22D1","up","2",FALSE
"SMG6","up","4",FALSE
"MCP-1","up","9",FALSE
"CB4H12orf75","up","11",FALSE
"EPN2","up","8",FALSE
"PLEKHG2","up","11",FALSE
"IRAK4","up","2",FALSE
"IER5","up","3",FALSE
"CCRL2","up","4",FALSE
"B3GNT3","up","5",FALSE
"NGEF","up","6",FALSE
"HMGB2","up","6",FALSE
"OPRL1","up","2",FALSE
"PALMD","up","8",FALSE
"STIM1","up","2",FALSE
"LOC101100937","up","7",FALSE
"PTP4A2","up","2",FALSE
"MFNG","up","8",FALSE
"EHD2","up","1",FALSE
"HOXC5","up","5",FALSE
"LPAR2","up","5",FALSE
"PNMT","up","5",FALSE
"CMAH","up","7",FALSE
"SYNE3","up","9",FALSE
"WFDC2","up","2",FALSE
"SRGN","up","1",FALSE
"IFNAR2","up","1",FALSE
"TEAD4","up","9",FALSE
"GPSM1","up","3",FALSE
"PIM3","up","2",FALSE
"CENPU","up","3",FALSE
"CHST10","up","5",FALSE
"VASP","up","5",FALSE
"LOC101082667","up","6",FALSE
"CHST13","up","9",FALSE
"ARPC1B","up","1",FALSE
"RHBDD2","up","5",FALSE
"TP53TG5","up","9",FALSE
"NRGN","up","10",FALSE
"SLC38A1","up","7",FALSE
"TAL1","up","8",FALSE
"F2RL2","up","9",FALSE
"CACNB3","up","11",FALSE
"TMSB4X","up","3",FALSE
"PARP8","up","7",FALSE
"BRSK1","up","1",FALSE
"EPSTI1","up","4",FALSE
"ADAMTS4","up","2",FALSE
"RUSC2","up","8",FALSE
"CST7","up","1",FALSE
"PRKD2","up","5",FALSE
"CLEC12A","up","1",FALSE
"KRT7","up","6",FALSE
"SEMA3F","up","5",FALSE
"CD163","up","1",FALSE
"LLGL1","up","11",FALSE
"RAB3D","up","5",FALSE
"TMSB10","up","3",FALSE
"IFI35","up","4",FALSE
"TXNDC5","up","2",FALSE
"MLLT11","up","7",FALSE
"ZDHHC18","up","3",FALSE
"MAP3K14","up","2",FALSE
"ATP8B4","up","1",FALSE
"WDR75","up","9",FALSE
"BCL6B","up","8",FALSE
"CIITA","up","1",FALSE
"PLGRKT","up","3",FALSE
"C5AR1","up","1",FALSE
"SH3KBP1","up","4",FALSE
"EMD","up","3",FALSE
"GRAMD1A","up","5",FALSE
"LOC102902635","up","1",FALSE
"EFEMP2","up","1",FALSE
"VSIG4","up","1",FALSE
"RADIL","up","8",FALSE
"SLC16A11","up","6",FALSE
"PTPN9","up","7",FALSE
"MAL","up","10",FALSE
"MTCL1","up","1",FALSE
"PHF19","up","9",FALSE
"IL11","up","9",FALSE
"PLET1","up","1",FALSE
"TMC4","up","2",FALSE
"TMEM35B","up","4",FALSE
"LOC123384673","up","2",FALSE
"CTPS1","up","2",FALSE
"VAMP5","up","11",FALSE
"ARMC7","up","10",FALSE
"TAP1","up","4",FALSE
"NFIX","up","9",FALSE
"YPEL4","up","3",FALSE
"TLL1","up","10",FALSE
"PLK1","up","1",FALSE
"EGR2","up","9",FALSE
"TGM2","up","1",FALSE
"WNT4","up","1",FALSE
"ITPKB","up","5",FALSE
"LOC101093705","up","4",FALSE
"LOC101089971","up","4",FALSE
"LOC101089223","up","1",FALSE
"TSPAN15","up","5",FALSE
"SEMA3A","up","2",FALSE
"HSF2BP","up","8",FALSE
"PAX5","up","8",FALSE
"BTG1","up","10",FALSE
"SERPINA11","up","5",FALSE
"AKAP12","up","8",FALSE
"CA2H19orf38","up","4",FALSE
"CREB3L4","up","3",FALSE
"TLR9","up","1",FALSE
"PRKCH","up","10",FALSE
"RGS2","up","1",FALSE
"EFCAB8","up","5",FALSE
"LTBR","up","5",FALSE
"PITPNA","up","10",FALSE
"FES","up","5",FALSE
"OASL","up","4",FALSE
"TM6SF1","up","1",FALSE
"SP100","up","4",FALSE
"RAB37","up","3",FALSE
"UAP1","up","6",FALSE
"LOC101093795","up","9",FALSE
"TGFB1I1","up","11",FALSE
"KRT35","up","6",FALSE
"PGAP2","up","5",FALSE
"SMARCD2","up","5",FALSE
"ZDHHC8","up","11",FALSE
"GRK5","up","8",FALSE
"PRDX4","up","3",FALSE
"FXYD5","up","1",FALSE
"LOC123382131","up","4",FALSE
"CTHRC1","up","4",FALSE
"IFI16","up","4",FALSE
"WDR6","up","4",FALSE
"SMPDL3A","up","1",FALSE
"PMP22","up","1",FALSE
"RELN","up","2",FALSE
"FAM110A","up","5",FALSE
"RAB8A","up","3",FALSE
"TBC1D2","up","5",FALSE
"CTNNBIP1","up","3",FALSE
"IFI44L","up","4",FALSE
"LOC102900594","up","2",FALSE
"RBMS2","up","2",FALSE
"PMAIP1","up","4",FALSE
"C2","up","11",FALSE
"STC2","up","8",FALSE
"NPTXR","up","9",FALSE
"NXT1","up","5",FALSE
"HSPG2","up","7",FALSE
"ARHGEF19","up","4",FALSE
"FLT4","up","8",FALSE
"SIT1","up","3",FALSE
"PGR","up","10",FALSE
"TACSTD2","up","2",FALSE
"ANXA5","up","5",FALSE
"NUMBL","up","9",FALSE
"AMPD2","up","10",FALSE
"ANXA11","up","2",FALSE
"CDC42SE1","up","7",FALSE
"SVIL","up","1",FALSE
"ZNF516","up","2",FALSE
"LOC109492846","up","4",FALSE
"SHF","up","1",FALSE
"NRM","up","3",FALSE
"CLDN15","up","8",FALSE
"WSCD1","up","4",FALSE
"GGT7","up","11",FALSE
"IER2","up","6",FALSE
"PCSK1N","up","1",FALSE
"VPS37B","up","6",FALSE
"MED19","up","5",FALSE
"KLRG2","up","10",FALSE
"GSTM3","up","8",FALSE
"WARS1","up","3",FALSE
"SH3BP4","up","5",FALSE
"PROCR","up","2",FALSE
"SPRY1","up","2",FALSE
"ARL11","up","1",FALSE
"PLEKHO2","up","1",FALSE
"BFSP1","up","5",FALSE
"UCP2","up","1",FALSE
"PMP2","up","10",FALSE
"LOC101080962","up","6",FALSE
"LOC101086441","up","8",FALSE
"SERP2","up","10",FALSE
"FAM110D","up","3",FALSE
"SYT8","up","3",FALSE
"RSPO1","up","7",FALSE
"VAV1","up","1",FALSE
"RPS6KL1","up","6",FALSE
"ELMO1","up","11",FALSE
"LOC101090330","up","1",FALSE
"OCSTAMP","up","1",FALSE
"HOXB9","up","10",FALSE
"SMIM22","up","2",FALSE
"HACD4","up","7",FALSE
"NAB2","up","1",FALSE
"CIC","up","7",FALSE
"DRAM1","up","1",FALSE
"ARHGEF5","up","2",FALSE
"LOC101080774","up","4",FALSE
"IRX6","up","1",FALSE
"LMCD1","up","9",FALSE
"FKBP7","up","4",FALSE
"MMRN2","up","8",FALSE
"STMN1","up","3",FALSE
"MRAS","up","10",FALSE
"LOC101082424","up","1",FALSE
"TEDC2","up","3",FALSE
"INPP5D","up","1",FALSE
"TM4SF1","up","10",FALSE
"ARHGAP22","up","11",FALSE
"LOC109497364","up","6",FALSE
"SYNPO","up","9",FALSE
"S100A16","up","5",FALSE
"ARAP1","up","11",FALSE
"ADAR","up","4",FALSE
"SLC2A6","up","1",FALSE
"CLN8","up","10",FALSE
"ECSCR","up","8",FALSE
"LOC101080285","up","4",FALSE
"SH2D2A","up","1",FALSE
"NPTX2","up","11",FALSE
"B3GALNT2","up","2",FALSE
"IPO11","up","7",FALSE
"PLCD1","up","3",FALSE
"TTLL6","up","8",FALSE
"PPM1F","up","5",FALSE
"IMPDH1","up","3",FALSE
"LOC101093286","up","8",FALSE
"MMEL1","up","11",FALSE
"DSCC1","up","7",FALSE
"MGAT5B","up","6",FALSE
"KCNJ14","up","3",FALSE
"CD68","up","1",FALSE
"DOK2","up","1",FALSE
"RCSD1","up","1",FALSE
"KIAA0513","up","5",FALSE
"FCAR","up","1",FALSE
"SLC8A3","up","10",FALSE
"CPB1","up","2",FALSE
"ITPRIP","up","9",FALSE
"ABCG4","up","9",FALSE
"LRRC32","up","9",FALSE
"CD86","up","1",FALSE
"PTPN12","up","8",FALSE
"SMAD7","up","7",FALSE
"SRGAP3","up","7",FALSE
"TBX3","up","10",FALSE
"RGS16","up","9",FALSE
"DOK1","up","1",FALSE
"DTD1","up","10",FALSE
"RASIP1","up","8",FALSE
"FOSL1","up","6",FALSE
"GPR146","up","2",FALSE
"PRKAG3","up","7",FALSE
"PRKCQ","up","10",FALSE
"OLFML2B","up","9",FALSE
"TMIE","up","8",FALSE
"ZFP36L2","up","1",FALSE
"CD40","up","4",FALSE
"LOC101082108","up","1",FALSE
"ABI3","up","3",FALSE
"HSBP1L1","up","10",FALSE
"SPINT1","up","5",FALSE
"LOC101083316","up","4",FALSE
"HORMAD2","up","6",FALSE
"DENND2A","up","9",FALSE
"LOC123378936","up","1",FALSE
"PDGFD","up","7",FALSE
"LOC101090324","up","4",FALSE
"SEMA6B","up","8",FALSE
"CMTR1","up","2",FALSE
"RCE1","up","10",FALSE
"ARHGAP4","up","3",FALSE
"SIPA1","up","11",FALSE
"LIMK1","up","1",FALSE
"FLAI-K","up","5",FALSE
"GNB2","up","5",FALSE
"OSBPL7","up","4",FALSE
"RNF130","up","4",FALSE
"KLF10","up","7",FALSE
"HCLS1","up","1",FALSE
"CHST3","up","9",FALSE
"GPR176","up","8",FALSE
"IL36G","up","2",FALSE
"MAP7D1","up","5",FALSE
"PFKFB3","up","10",FALSE
"BTBD19","up","3",FALSE
"SERPINB9","up","7",FALSE
"GAS2L1","up","5",FALSE
"ESAM","up","8",FALSE
"ACTB","up","6",FALSE
"STK38","up","2",FALSE
"RUNX1","up","1",FALSE
"ZCCHC12","up","11",FALSE
"FRMD4A","up","1",FALSE
"IPCEF1","up","7",FALSE
"SPTSSA","up","7",FALSE
"B4GALT5","up","9",FALSE
"KIAA2012","up","2",FALSE
"GJB4","up","2",FALSE
"RTP4","up","4",FALSE
"FAM20A","up","1",FALSE
"ZFPM1","up","3",FALSE
"RFX2","up","8",FALSE
"CBX6","up","3",FALSE
"F13A1","up","11",FALSE
"ATP2B4","up","1",FALSE
"PPARG","up","10",FALSE
"PDLIM7","up","1",FALSE
"LIX1","up","7",FALSE
"C1QTNF5","up","3",FALSE
"CE3H16orf89","up","4",FALSE
"LOC105259606","up","4",FALSE
"LOC101088492","up","7",FALSE
"SMIM29","up","5",FALSE
"MDFI","up","6",FALSE
"LOC101087865","up","7",FALSE
"PRKAR1A","up","10",FALSE
"LOC111558116","up","1",FALSE
"CARMIL2","up","11",FALSE
"CHSY1","up","8",FALSE
"ITGA2B","up","7",FALSE
"FLOT1","up","5",FALSE
"EMILIN2","up","1",FALSE
"PKN3","up","8",FALSE
"PLPP1","up","10",FALSE
"IFI6","up","1",FALSE
"ARHGEF15","up","8",FALSE
"FAM107A","up","7",FALSE
"KLF4","up","2",FALSE
"DENND3","up","6",FALSE
"ZNF764","up","8",FALSE
"CD274","up","4",FALSE
"LOC111558276","up","7",FALSE
"MORN4","up","5",FALSE
"LOC101094113","up","1",FALSE
"MFGE8","up","5",FALSE
"SPRYD3","up","5",FALSE
"UBXN10","up","6",FALSE
"LOC111560972","up","2",FALSE
"GNAT1","up","6",FALSE
"ARC","up","9",FALSE
"LOC109502451","up","7",FALSE
"CD151","up","3",FALSE
"TRPC6","up","9",FALSE
"CD53","up","1",FALSE
"ARHGEF10","up","7",FALSE
"BMP6","up","2",FALSE
"RHBDF1","up","1",FALSE
"FAR2","up","1",FALSE
"TGFB1","up","11",FALSE
"DCTD","up","1",FALSE
"LOC101082866","up","11",FALSE
"DIRAS2","up","2",FALSE
"RASA3","up","1",FALSE
"HCRTR1","up","2",FALSE
"AQP9","up","9",FALSE
"MEDAG","up","9",FALSE
"GMFG","up","1",FALSE
"PHACTR1","up","10",FALSE
"CE3H16orf54","up","5",FALSE
"GSAP","up","4",FALSE
"NEDD9","up","7",FALSE
"IGFBP6","up","1",FALSE
"CCN4","up","9",FALSE
"LGALS1","up","1",FALSE
"USP18","up","4",FALSE
"ABCG1","up","2",FALSE
"NPAS3","up","7",FALSE
"UCHL1","up","10",FALSE
"GJB3","up","2",FALSE
"RAB2B","up","7",FALSE
"IFIT3","up","4",FALSE
"TNFRSF21","up","2",FALSE
"MUC5B","up","6",FALSE
"CD69","up","1",FALSE
"SHISA2","up","7",FALSE
"CAVIN3","up","5",FALSE
"RFC2","up","3",FALSE
"LOC102900156","up","6",FALSE
"ZFP42","up","7",FALSE
"S1PR3","up","11",FALSE
"NLRC5","up","4",FALSE
"PLEKHM1","up","3",FALSE
"PPME1","up","6",FALSE
"LOC101089059","up","6",FALSE
"STRADA","up","3",FALSE
"FLNC","up","9",FALSE
"ARID5A","up","3",FALSE
"RFX5","up","2",FALSE
"ATF3","up","2",FALSE
"MTA2","up","5",FALSE
"CFAP157","up","6",FALSE
"TADA2B","up","5",FALSE
"TMUB2","up","3",FALSE
"DCBLD1","up","4",FALSE
"TMEM138","up","3",FALSE
"BLNK","up","4",FALSE
"SELP","up","2",FALSE
"PILRA","up","1",FALSE
"LOC101082822","up","11",FALSE
"PPP1R18","up","11",FALSE
"IL13RA1","up","1",FALSE
"BIRC2","up","10",FALSE
"GNB3","up","4",FALSE
"PLVAP","up","8",FALSE
"MMP7","up","6",FALSE
"ZNF496","up","6",FALSE
"CUEDC1","up","5",FALSE
"TTC23","up","5",FALSE
"GPER1","up","8",FALSE
"MED30","up","3",FALSE
"IGSF8","up","5",FALSE
"SMAD1","up","2",FALSE
"MFSD2A","up","1",FALSE
"UBAP2","up","2",FALSE
"PLCB3","up","4",FALSE
"MAN1C1","up","8",FALSE
"FAM171A1","up","7",FALSE
"LETM2","up","5",FALSE
"MYO1H","up","2",FALSE
"APOE","up","1",FALSE
"TSPO","up","3",FALSE
"TIMP1","up","1",FALSE
"WNT9B","up","2",FALSE
"ZNF630","up","7",FALSE
"LPIN3","up","6",FALSE
"SLC16A13","up","4",FALSE
"GAL3ST4","up","1",FALSE
"LRRC8C","up","8",FALSE
"CLDN4","up","10",FALSE
"ADAMTSL2","up","11",FALSE
"TINAGL1","up","8",FALSE
"HOXB8","up","10",FALSE
"FBXL12","up","5",FALSE
"LOC101094344","up","6",FALSE
"BUD23","up","6",FALSE
"MEFV","up","1",FALSE
"IFITM10","up","9",FALSE
"SOAT2","up","9",FALSE
"LOC101085837","up","8",FALSE
"LDB2","up","8",FALSE
"TSPYL2","up","10",FALSE
"HTR1D","up","3",FALSE
"SERPINB8","up","6",FALSE
"NECTIN4","up","2",FALSE
"IKBKE","up","1",FALSE
"CHPF2","up","1",FALSE
"MID1","up","5",FALSE
"ARAP3","up","8",FALSE
"TBXAS1","up","1",FALSE
"CANT1","up","3",FALSE
"SAMD9L","up","4",FALSE
"LY96","up","1",FALSE
"SEPTIN2","up","2",FALSE
"RNASE4","up","8",FALSE
"ADGRB1","up","6",FALSE
"FILIP1L","up","7",FALSE
"CRACDL","up","6",FALSE
"OAS3","up","4",FALSE
"DBF4B","up","4",FALSE
"TEAD2","up","10",FALSE
"ATP8B2","up","1",FALSE
"ITGB4","up","7",FALSE
"UGCG","up","7",FALSE
"INHBA","up","9",FALSE
"RSPO3","up","7",FALSE
"POU2F2","up","1",FALSE
"SRPK3","up","3",FALSE
"DPYSL2","up","7",FALSE
"EID3","up","6",FALSE
"TEAD3","up","9",FALSE
"ABHD4","up","1",FALSE
"TPM3","up","3",FALSE
"CMTM7","up","1",FALSE
"LOC111557763","up","1",FALSE
"SIGLEC1","up","1",FALSE
"TLR8","up","1",FALSE
"DUSP14","up","9",FALSE
"TMEM50A","up","2",FALSE
"ADPRS","up","5",FALSE
"LOC101088254","up","7",FALSE
"MIS12","up","9",FALSE
"CALHM6","up","4",FALSE
"SIRPB2","up","1",FALSE
"TMEM54","up","1",FALSE
"ANXA9","up","5",FALSE
"GRAP","up","1",FALSE
"MRC1","up","1",FALSE
"FAM171A2","up","7",FALSE
"LOC101097072","up","9",FALSE
"ADAM8","up","1",FALSE
"CHP2","up","8",FALSE
"AMER2","up","7",FALSE
"TP53I11","up","9",FALSE
"H1-0","up","8",FALSE
"NCOA4","down","5",FALSE
"GATM","down","1",FALSE
"FSD2","down","7",FALSE
"BDH2","down","2",FALSE
"CBLN2","down","9",FALSE
"AZGP1","down","1",FALSE
"LMBRD1","down","5",FALSE
"EPB41L3","down","5",FALSE
"TYRO3","down","9",FALSE
"PLEKHA6","down","7",FALSE
"AGPAT5","down","5",FALSE
"METRN","down","1",FALSE
"DPF3","down","5",FALSE
"LOC101099137","down","4",FALSE
"GPT2","down","6",FALSE
"LOC101099044","down","3",FALSE
"TTR","down","3",FALSE
"LIN52","down","5",FALSE
"MPV17L","down","6",FALSE
"LOC101088850","down","6",FALSE
"FMO5","down","5",FALSE
"CRLS1","down","5",FALSE
"ABAT","down","5",FALSE
"CRB2","down","9",FALSE
"CBR4","down","5",FALSE
"AIFM1","down","4",FALSE
"IVD","down","4",FALSE
"SLC35F5","down","5",FALSE
"MMUT","down","4",FALSE
"PTPRQ","down","10",FALSE
"CACNB4","down","2",FALSE
"TCAIM","down","2",FALSE
"HYKK","down","4",FALSE
"RABGAP1L","down","7",FALSE
"CHDH","down","4",FALSE
"NUDT19","down","3",FALSE
"ACO1","down","7",FALSE
"FANCF","down","1",FALSE
"LOC101087791","down","7",FALSE
"TMEM25","down","9",FALSE
"PSPH","down","6",FALSE
"LOC101081204","down","8",FALSE
"ACOX3","down","1",FALSE
"MAP7D2","down","7",FALSE
"THSD7B","down","4",FALSE
"SCOC","down","5",FALSE
"CLPB","down","4",FALSE
"FAM185A","down","9",FALSE
"ACADM","down","3",FALSE
"TAT","down","9",FALSE
"HIBCH","down","5",FALSE
"CHCHD4","down","2",FALSE
"DPP10","down","5",FALSE
"LOC105260979","down","2",FALSE
"XPO7","down","5",FALSE
"CISD1","down","5",FALSE
"RHBG","down","1",FALSE
"NOX4","down","5",FALSE
"SLC5A2","down","1",FALSE
"XYLB","down","3",FALSE
"PPM1K","down","7",FALSE
"SDHD","down","4",FALSE
"GK","down","1",FALSE
"KCNA4","down","7",FALSE
"SLCO1A2","down","7",FALSE
"FH","down","4",FALSE
"MRPS5","down","9",FALSE
"IGSF11","down","8",FALSE
"NOA1","down","2",FALSE
"FANK1","down","8",FALSE
"ESPN","down","9",FALSE
"PCCA","down","3",FALSE
"SLC22A6","down","1",FALSE
"CMBL","down","1",FALSE
"GPAM","down","5",FALSE
"AHCY","down","8",FALSE
"MAP7","down","2",FALSE
"THRB","down","7",FALSE
"RRAS2","down","6",FALSE
"SLC39A5","down","4",FALSE
"ALDH6A1","down","5",FALSE
"TENT4B","down","2",FALSE
"ZMAT3","down","5",FALSE
"CES2","down","3",FALSE
"CDKL1","down","7",FALSE
"DHRS7","down","8",FALSE
"RAB32","down","6",FALSE
"DLD","down","4",FALSE
"CAMKK2","down","10",FALSE
"HOGA1","down","1",FALSE
"NUGGC","down","1",FALSE
"GFRA1","down","5",FALSE
"UGP2","down","3",FALSE
"ABHD3","down","3",FALSE
"LNPK","down","10",FALSE
"SLC6A19","down","1",FALSE
"ALDH4A1","down","1",FALSE
"RIMKLA","down","1",FALSE
"TMEM266","down","7",FALSE
"ALDH5A1","down","3",FALSE
"ACAD8","down","4",FALSE
"LOC105261261","down","7",FALSE
"KLHL31","down","1",FALSE
"SLIT2","down","3",FALSE
"FABP1","down","3",FALSE
"DMAC1","down","7",FALSE
"AQP11","down","8",FALSE
"ASB13","down","4",FALSE
"SUGCT","down","3",FALSE
"FAM43B","down","2",FALSE
"G0S2","down","3",FALSE
"ANLN","down","10",FALSE
"YBX2","down","6",FALSE
"METTL9","down","3",FALSE
"GLS","down","5",FALSE
"CIAO2A","down","9",FALSE
"EIF4EBP2","down","2",FALSE
"PPARA","down","2",FALSE
"FAM222A","down","2",FALSE
"RBKS","down","5",FALSE
"SLC31A1","down","2",FALSE
"AFG3L2","down","4",FALSE
"ACADSB","down","4",FALSE
"RORC","down","9",FALSE
"CAMSAP3","down","9",FALSE
"KIF20B","down","2",FALSE
"FOLH1B","down","8",FALSE
"AASDHPPT","down","8",FALSE
"HADH","down","1",FALSE
"DDAH1","down","2",FALSE
"SYAP1","down","2",FALSE
"GPAT3","down","6",FALSE
"PRIM1","down","2",FALSE
"SLC46A1","down","1",FALSE
"RABGGTB","down","10",FALSE
"SH3TC2","down","6",FALSE
"LENEP","down","6",FALSE
"ODR4","down","5",FALSE
"TM7SF3","down","2",FALSE
"IDH1","down","6",FALSE
"AASS","down","5",FALSE
"TENM4","down","2",FALSE
"MME","down","8",FALSE
"HSPA9","down","4",FALSE
"RAB29","down","3",FALSE
"RIDA","down","3",FALSE
"COBL","down","7",FALSE
"F13B","down","3",FALSE
"MECR","down","4",FALSE
"COPS2","down","5",FALSE
"FOLR1","down","6",FALSE
"SLC7A7","down","9",FALSE
"RAVER2","down","7",FALSE
"KCNK5","down","1",FALSE
"GRAMD1B","down","2",FALSE
"LAMTOR3","down","5",FALSE
"EPB41L4B","down","2",FALSE
"PROC","down","7",FALSE
"AMACR","down","3",FALSE
"SLC12A3","down","9",FALSE
"SEMA4G","down","2",FALSE
"OPTN","down","1",FALSE
"PEPD","down","6",FALSE
"GLIS2","down","7",FALSE
"MPP2","down","3",FALSE
"AK2","down","4",FALSE
"PPM1L","down","5",FALSE
"TENM1","down","7",FALSE
"UQCRC2","down","4",FALSE
"ACSL5","down","1",FALSE
"CLIC5","down","3",FALSE
"CR1L","down","2",FALSE
"DPP4","down","8",FALSE
"DENND11","down","5",FALSE
"RGN","down","3",FALSE
"LOC123385878","down","9",FALSE
"TRABD2B","down","4",FALSE
"SMIM24","down","1",FALSE
"ARHGAP28","down","2",FALSE
"SLITRK4","down","10",FALSE
"NIPSNAP2","down","7",FALSE
"TESK2","down","7",FALSE
"SLC34A3","down","1",FALSE
"HADHB","down","2",FALSE
"LRP2","down","3",FALSE
"CARNMT1","down","5",FALSE
"DDIT4L","down","10",FALSE
"HSPD1","down","3",FALSE
"EPHX2","down","9",FALSE
"SELENBP1","down","1",FALSE
"OVOL2","down","9",FALSE
"PRDX6","down","4",FALSE
"B4GAT1","down","8",FALSE
"NUDT13","down","8",FALSE
"AMN","down","1",FALSE
"DIO1","down","3",FALSE
"HSD17B6","down","1",FALSE
"GUCD1","down","6",FALSE
"HDGF","down","9",FALSE
"ACAT1","down","1",FALSE
"ACSM3","down","3",FALSE
"LOC101099779","down","8",FALSE
"ZYG11B","down","2",FALSE
"ENPP6","down","1",FALSE
"HSD11B1","down","1",FALSE
"DLG3","down","2",FALSE
"BCKDHB","down","3",FALSE
"MCEE","down","4",FALSE
"WDR72","down","8",FALSE
"LOC105259628","down","1",FALSE
"KLK1","down","6",FALSE
"CALB1","down","1",FALSE
"MGAM","down","2",FALSE
"PMPCB","down","4",FALSE
"NELFCD","down","9",FALSE
"VTN","down","4",FALSE
"JSRP1","down","1",FALSE
"SLC22A1","down","1",FALSE
"DLST","down","4",FALSE
"SSTR2","down","7",FALSE
"IMMP2L","down","9",FALSE
"TTC36","down","4",FALSE
"RNF128","down","2",FALSE
"PINK1","down","4",FALSE
"CCDC93","down","2",FALSE
"ABHD15","down","3",FALSE
"SLC25A48","down","1",FALSE
"AFTPH","down","5",FALSE
"SLC23A1","down","8",FALSE
"DPYS","down","1",FALSE
"NUDT7","down","1",FALSE
"SUCLG2","down","2",FALSE
"ASIC4","down","3",FALSE
"CRYZ","down","2",FALSE
"BDH1","down","7",FALSE
"REV1","down","7",FALSE
"TMEM184C","down","5",FALSE
"TDRD7","down","7",FALSE
"PITX2","down","3",FALSE
"LOC101091113","down","1",FALSE
"CCNG1","down","10",FALSE
"ARHGAP24","down","7",FALSE
"PCDH15","down","6",FALSE
"HGD","down","1",FALSE
"SORD","down","3",FALSE
"KCNA2","down","6",FALSE
"ALDH7A1","down","3",FALSE
"RAB40B","down","6",FALSE
"DAB2","down","6",FALSE
"STX3","down","8",FALSE
"CPOX","down","8",FALSE
"FAAH","down","1",FALSE
"PNPLA3","down","1",FALSE
"GPHN","down","2",FALSE
"ECHS1","down","1",FALSE
"WASHC5","down","5",FALSE
"SLC34A1","down","1",FALSE
"SGK2","down","4",FALSE
"KCNN2","down","3",FALSE
"SUCLG1","down","4",FALSE
"ENPEP","down","6",FALSE
"LOC101092274","down","3",FALSE
"SHMT2","down","1",FALSE
"CDH2","down","10",FALSE
"DNAJC28","down","5",FALSE
"GHITM","down","4",FALSE
"DGLUCY","down","7",FALSE
"NDUFS1","down","5",FALSE
"SLC10A2","down","3",FALSE
"OXCT1","down","5",FALSE
"ENTPD5","down","2",FALSE
"PIEZO2","down","5",FALSE
"ASL","down","9",FALSE
"RAB11FIP1","down","5",FALSE
"NR2F6","down","4",FALSE
"ACSL1","down","2",FALSE
"EDA","down","7",FALSE
"MYH14","down","8",FALSE
"MYO5B","down","2",FALSE
"TINAG","down","1",FALSE
"HAGHL","down","9",FALSE
"SAT2","down","4",FALSE
"KMO","down","1",FALSE
"HAO2","down","1",FALSE
"GALNT11","down","1",FALSE
"ETFBKMT","down","2",FALSE
"NR1I3","down","1",FALSE
"ADK","down","3",FALSE
"MFF","down","4",FALSE
"P4HA1","down","5",FALSE
"TOM1L1","down","2",FALSE
"ST13","down","2",FALSE
"RASGRP1","down","10",FALSE
"TMED4","down","4",FALSE
"HNF4G","down","2",FALSE
"LEAP2","down","1",FALSE
"FGF1","down","2",FALSE
"EPS8","down","2",FALSE
"MAPKAPK5","down","6",FALSE
"AGPS","down","2",FALSE
"CRYL1","down","1",FALSE
"TLL2","down","3",FALSE
"LOC109499722","down","5",FALSE
"SDHA","down","4",FALSE
"FUCA1","down","8",FALSE
"PLXNB1","down","4",FALSE
"BLMH","down","8",FALSE
"JAM2","down","7",FALSE
"NQO2","down","1",FALSE
"PAH","down","8",FALSE
"AOC1","down","1",FALSE
"FBP1","down","8",FALSE
"GSR","down","6",FALSE
"LINGO4","down","9",FALSE
"ASB5","down","2",FALSE
"BCL2L13","down","3",FALSE
"RXYLT1","down","10",FALSE
"PRDX3","down","4",FALSE
"TXNRD2","down","9",FALSE
"LOC123379441","down","3",FALSE
"ARMT1","down","10",FALSE
"GRSF1","down","2",FALSE
"LOC101080332","down","5",FALSE
"EMID1","down","6",FALSE
"ATP6AP2","down","3",FALSE
"GATC","down","7",FALSE
"TMEM106A","down","6",FALSE
"AFF2","down","2",FALSE
"LOC101086605","down","6",FALSE
"LOC123381797","down","1",FALSE
"SLITRK1","down","1",FALSE
"PEX5","down","1",FALSE
"ETFDH","down","5",FALSE
"RALGPS2","down","5",FALSE
"GJB1","down","8",FALSE
"BMP4","down","7",FALSE
"CDS1","down","5",FALSE
"TMBIM6","down","2",FALSE
"ACKR4","down","7",FALSE
"SLC25A42","down","4",FALSE
"FAM8A1","down","5",FALSE
"COQ6","down","4",FALSE
"RNF32","down","2",FALSE
"CA2","down","2",FALSE
"CE2H19orf12","down","4",FALSE
"SUSD2","down","6",FALSE
"EAF2","down","6",FALSE
"WASHC3","down","9",FALSE
"SCP2","down","3",FALSE
"ETV5","down","6",FALSE
"MRPL19","down","9",FALSE
"ALDH9A1","down","6",FALSE
"GSC2","down","1",FALSE
"METAP1","down","2",FALSE
"EFEMP1","down","5",FALSE
"MCFD2","down","3",FALSE
"ST6GALNAC3","down","3",FALSE
"ATP23","down","7",FALSE
"CCDC117","down","5",FALSE
"NADK","down","6",FALSE
"CES4A","down","3",FALSE
"GSTZ1","down","9",FALSE
"AMT","down","3",FALSE
"THRA","down","7",FALSE
"APOA2","down","1",FALSE
"SLC16A4","down","8",FALSE
"SLCO4C1","down","3",FALSE
"GPRIN3","down","7",FALSE
"DECR1","down","4",FALSE
"YAE1","down","6",FALSE
"SLC39A4","down","3",FALSE
"LOC101098257","down","1",FALSE
"GLRX2","down","3",FALSE
"NGB","down","6",FALSE
"GRTP1","down","4",FALSE
"LOC101095941","down","1",FALSE
"NR1H4","down","3",FALSE
"SCO2","down","3",FALSE
"GSS","down","1",FALSE
"PLA2G12B","down","1",FALSE
"SLC25A51","down","5",FALSE
"PALS1","down","2",FALSE
"SLC9A3R1","down","1",FALSE
"PTCH1","down","7",FALSE
"ANK3","down","5",FALSE
"MAP3K4","down","5",FALSE
"LOC123381833","down","10",FALSE
"CC2D2A","down","2",FALSE
"FOXRED1","down","1",FALSE
"PCCB","down","4",FALSE
"PRSS53","down","1",FALSE
"MDGA1","down","9",FALSE
"SHBG","down","1",FALSE
"LRRC19","down","3",FALSE
"EMX1","down","1",FALSE
"FARP1","down","3",FALSE
"LOC102899897","down","9",FALSE
"SPRN","down","6",FALSE
"KHK","down","1",FALSE
"LAMP2","down","10",FALSE
"NFS1","down","4",FALSE
"PGM3","down","2",FALSE
"TMEM183A","down","8",FALSE
"KIAA1191","down","3",FALSE
"GCDH","down","1",FALSE
"SLC25A13","down","2",FALSE
"OPCML","down","7",FALSE
"MOGAT3","down","1",FALSE
"GOT2","down","4",FALSE
"PHYKPL","down","3",FALSE
"SLC25A21","down","3",FALSE
"LOC101094201","down","7",FALSE
"MIA2","down","2",FALSE
"GPD1","down","6",FALSE
"OXNAD1","down","7",FALSE
"SGPP1","down","10",FALSE
"NSMAF","down","8",FALSE
"RALGAPA2","down","2",FALSE
"BVES","down","2",FALSE
"LOC101089785","down","1",FALSE
"TFB2M","down","2",FALSE
"CDHR1","down","8",FALSE
"GFM1","down","5",FALSE
"SLC25A5","down","4",FALSE
"CLEC2L","down","4",FALSE
"SLC13A1","down","3",FALSE
"APMAP","down","2",FALSE
"RHOQ","down","5",FALSE
"MAP1LC3B","down","3",FALSE
"CLPX","down","2",FALSE
"SFXN1","down","6",FALSE
"ADHFE1","down","4",FALSE
"LDOC1","down","4",FALSE
"UNC13B","down","2",FALSE
"GSDME","down","7",FALSE
"CRACD","down","1",FALSE
"LDHD","down","4",FALSE
"IARS2","down","2",FALSE
"ACAD9","down","1",FALSE
"HADHA","down","1",FALSE
"RAB36","down","3",FALSE
"GLYAT","down","1",FALSE
"SARDH","down","6",FALSE
"IGSF23","down","1",FALSE
"NPHS1","down","6",FALSE
"ETFA","down","4",FALSE
"UBE2K","down","2",FALSE
"MRPS9","down","4",FALSE
"TMEM37","down","1",FALSE
"CCDC85C","down","2",FALSE
"NRG4","down","5",FALSE
"ESD","down","2",FALSE
"UBE2Q2","down","2",FALSE
"LOC111560215","down","1",FALSE
"SLC26A4","down","10",FALSE
"SLC1A1","down","3",FALSE
"NMB","down","1",FALSE
"ALDOB","down","1",FALSE
"TMBIM4","down","4",FALSE
"ENOX1","down","10",FALSE
"NPHS2","down","6",FALSE
"DDN","down","6",FALSE
"HNMT","down","6",FALSE
"VWA8","down","5",FALSE
"AP1AR","down","2",FALSE
"RTKN2","down","2",FALSE
"BST1","down","8",FALSE
"MYO15A","down","4",FALSE
"NPEPPS","down","7",FALSE
"NIT2","down","3",FALSE
"PPP1R16B","down","3",FALSE
"MRPL44","down","9",FALSE
"ADCYAP1R1","down","4",FALSE
"L2HGDH","down","2",FALSE
"UPB1","down","1",FALSE
"RNF152","down","3",FALSE
"NIPSNAP1","down","8",FALSE
"HIBADH","down","3",FALSE
"ATP6V1E2","down","7",FALSE
"BLCAP","down","1",FALSE
"SLC37A4","down","8",FALSE
"NTRK3","down","8",FALSE
"FANCC","down","7",FALSE
"GATB","down","7",FALSE
"SIKE1","down","5",FALSE
"LOC101095292","down","9",FALSE
"MRPS36","down","4",FALSE
"CARMIL3","down","8",FALSE
"COX11","down","5",FALSE
"FRMD1","down","6",FALSE
"TMEM47","down","5",FALSE
"QDPR","down","9",FALSE
"SFXN5","down","1",FALSE
"LOC101085685","down","10",FALSE
"G6PC1","down","3",FALSE
"SS18L1","down","2",FALSE
"GRB7","down","3",FALSE
"FERMT1","down","8",FALSE
"AUH","down","4",FALSE
"MKKS","down","7",FALSE
"SASS6","down","2",FALSE
"CABP1","down","9",FALSE
"KYNU","down","3",FALSE
"SLC4A4","down","3",FALSE
"IHH","down","6",FALSE
"DCAF8","down","3",FALSE
"NTNG2","down","6",FALSE
"CES3","down","3",FALSE
"HNF1A","down","1",FALSE
"TMLHE","down","2",FALSE
"ANKS6","down","5",FALSE
"DMGDH","down","3",FALSE
"MBLAC2","down","5",FALSE
"CACNB2","down","7",FALSE
"PCBP2","down","4",FALSE
"CMPK1","down","10",FALSE
"NSUN4","down","2",FALSE
"RALGPS1","down","5",FALSE
"BCKDHA","down","4",FALSE
"LOC123380390","down","9",FALSE
"MTMR4","down","5",FALSE
"PI4KA","down","2",FALSE
"MEMO1","down","10",FALSE
"OSBPL8","down","2",FALSE
"DHDH","down","1",FALSE
"ENO4","down","1",FALSE
"MXI1","down","2",FALSE
"PKP4","down","5",FALSE
"ITPKA","down","1",FALSE
"SUSD3","down","9",FALSE
"SDHB","down","4",FALSE
"MRPL53","down","5",FALSE
"CENPP","down","6",FALSE
"PTCD3","down","3",FALSE
"SLC1A7","down","6",FALSE
"CTH","down","1",FALSE
"EI24","down","2",FALSE
"IGF2BP2","down","6",FALSE
"TFEC","down","6",FALSE
"PCK2","down","1",FALSE
"NCALD","down","3",FALSE
"STRADB","down","2",FALSE
"RSPRY1","down","2",FALSE
"GBA3","down","1",FALSE
"SLC6A8","down","1",FALSE
"LOC101093537","down","7",FALSE
"PDHX","down","5",FALSE
"PCDH17","down","7",FALSE
"HOMER1","down","2",FALSE
"KCNJ12","down","6",FALSE
"ASAH1","down","6",FALSE
"SNX4","down","2",FALSE
"PCBD1","down","9",FALSE
"NDUFC2","down","4",FALSE
"MTARC2","down","1",FALSE
"LOC101089258","down","1",FALSE
"SRD5A2","down","1",FALSE
"PYROXD2","down","10",FALSE
"EZH1","down","6",FALSE
"CXXC4","down","8",FALSE
"SFXN2","down","8",FALSE
"HMGCL","down","4",FALSE
"MRPL15","down","4",FALSE
"ZMYND12","down","1",FALSE
"ADH5","down","6",FALSE
"TPP1","down","7",FALSE
"SLC7A9","down","3",FALSE
"PTPRO","down","6",FALSE
"ARSD","down","8",FALSE
"SKP1","down","2",FALSE
"SERPINF2","down","1",FALSE
"NUCKS1","down","2",FALSE
"CNDP1","down","3",FALSE
"MLXIPL","down","8",FALSE
"TWIST1","down","10",FALSE
"PLXNB2","down","2",FALSE
"LOC102899270","down","1",FALSE
"FZD1","down","6",FALSE
"YBX1","down","4",FALSE
"SNX2","down","6",FALSE
"SLC17A4","down","6",FALSE
"RAB17","down","4",FALSE
"ECHDC2","down","8",FALSE
"DCUN1D4","down","2",FALSE
"CENPN","down","3",FALSE
"CPPED1","down","6",FALSE
"SYN2","down","3",FALSE
"ECHDC1","down","9",FALSE
"PLPBP","down","2",FALSE
"LOC102901021","down","1",FALSE
"SEPHS2","down","1",FALSE
"AATK","down","3",FALSE
"MTO1","down","5",FALSE
"IDNK","down","6",FALSE
"CCDC6","down","5",FALSE
"SUSD4","down","4",FALSE
"TIMM9","down","8",FALSE
"AIFM2","down","8",FALSE
"OGDHL","down","1",FALSE
"WHAMM","down","3",FALSE
"FMO1","down","1",FALSE
"LOC102901092","down","8",FALSE
"IDE","down","2",FALSE
"MOB3B","down","2",FALSE
"MCCC1","down","3",FALSE
"SLC13A3","down","6",FALSE
"POLR2B","down","2",FALSE
"LOC101084388","down","1",FALSE
"PTPN20","down","10",FALSE
"KNSTRN","down","2",FALSE
"CHCHD3","down","7",FALSE
"LOC109495842","down","1",FALSE
"LOC101096765","down","7",FALSE
"CDHR5","down","1",FALSE
"FGFR4","down","8",FALSE
"RSPH4A","down","7",FALSE
"MYOM1","down","2",FALSE
"PET117","down","8",FALSE
"GPX3","down","1",FALSE
"NDNF","down","6",FALSE
"NDUFA9","down","4",FALSE
"FBXO15","down","8",FALSE
"INTU","down","5",FALSE
"CRISPLD1","down","2",FALSE
"PHYHD1","down","1",FALSE
"ANPEP","down","6",FALSE
"MRPS22","down","9",FALSE
"SHPK","down","5",FALSE
"MCCC2","down","3",FALSE
"MYO7B","down","1",FALSE
"PAFAH2","down","4",FALSE
"ANKS4B","down","3",FALSE
"SNX24","down","2",FALSE
"PHKB","down","2",FALSE
"FAM221A","down","5",FALSE
"SLC22A13","down","1",FALSE
"IDO2","down","1",FALSE
"GLYCTK","down","1",FALSE
"FDX1","down","4",FALSE
"XPA","down","2",FALSE
"GPT","down","9",FALSE
"LOC101080491","down","5",FALSE
"PRKN","down","2",FALSE
"TMEM52B","down","9",FALSE
"CEACAM18","down","3",FALSE
"SEC62","down","5",FALSE
"RETSAT","down","3",FALSE
"P2RY1","down","6",FALSE
"SLC2A2","down","3",FALSE
"RBPMS2","down","4",FALSE
"NAPSA","down","1",FALSE
"OPA1","down","2",FALSE
"LRPPRC","down","2",FALSE
"GLTPD2","down","1",FALSE
"PTER","down","3",FALSE
"SLC25A27","down","5",FALSE
"KRBA2","down","5",FALSE
"CDC37L1","down","5",FALSE
"NMNAT1","down","7",FALSE
"POLDIP2","down","4",FALSE
"MIOX","down","1",FALSE
"ADGRA3","down","2",FALSE
"TBC1D13","down","1",FALSE
"CPE","down","2",FALSE
"ALDH2","down","10",FALSE
"LARGE1","down","4",FALSE
"AP2A2","down","6",FALSE
"SF3B3","down","3",FALSE
"COQ3","down","2",FALSE
"BRI3BP","down","2",FALSE
"PEBP4","down","9",FALSE
"TCEA3","down","4",FALSE
"SUCLA2","down","2",FALSE
"BEND7","down","3",FALSE
"DEPDC7","down","10",FALSE
"STRIP2","down","8",FALSE
"AKR1A1","down","9",FALSE
"FOXD2","down","9",FALSE
"MRPL50","down","4",FALSE
"SYN3","down","7",FALSE
"RDX","down","5",FALSE
"ATP5F1C","down","4",FALSE
"RHOBTB1","down","6",FALSE
"INSYN1","down","6",FALSE
"GINM1","down","2",FALSE
"AKR1C3","down","8",FALSE
"TM6SF2","down","6",FALSE
"PANK1","down","2",FALSE
"SAR1B","down","2",FALSE
"AK5","down","3",FALSE
"MOCS2","down","4",FALSE
"SLC17A3","down","1",FALSE
"EXTL1","down","3",FALSE
"PGRMC2","down","5",FALSE
"TXNL1","down","2",FALSE
"TMEM139","down","4",FALSE
"SLC5A9","down","8",FALSE
"WWP1","down","2",FALSE
"ACMSD","down","1",FALSE
"GNG12","down","5",FALSE
"LOC101084495","down","1",FALSE
"SLC13A2","down","1",FALSE
"SLC12A8","down","4",FALSE
"CEACAM20","down","8",FALSE
"ATP5PB","down","4",FALSE
"SERPIND1","down","3",FALSE
"HBS1L","down","2",FALSE
"FAHD1","down","1",FALSE
"CD1H11orf54","down","3",FALSE
"LOC102901082","down","6",FALSE
"NDUFAB1","down","4",FALSE
"CD4H9orf43","down","7",FALSE
"OLA1","down","2",FALSE
"ILDR2","down","8",FALSE
"MTMR10","down","2",FALSE
"GRB14","down","7",FALSE
"PARK7","down","4",FALSE
"TMCO1","down","5",FALSE
"IL1RAPL2","down","4",FALSE
"CSDE1","down","2",FALSE
"OCLN","down","5",FALSE
"PHOSPHO2","down","2",FALSE
"LOC102902213","down","5",FALSE
"CLTRN","down","3",FALSE
"CB1H8orf58","down","1",FALSE
"HDHD2","down","9",FALSE
"CLUH","down","1",FALSE
"ACSS2","down","1",FALSE
"IFT88","down","2",FALSE
"LOC123386139","down","9",FALSE
"FBP2","down","8",FALSE
"DNAJC19","down","9",FALSE
"FGGY","down","6",FALSE
"CA7","down","8",FALSE
"TMEM184A","down","1",FALSE
"HSP90B1","down","1",FALSE
"SLC15A2","down","3",FALSE
"VPS35L","down","7",FALSE
"FOXK2","down","7",FALSE
"WEE2","down","3",FALSE
"ARFGAP3","down","10",FALSE
"AADAT","down","3",FALSE
"RILP","down","9",FALSE
"UCMA","down","1",FALSE
"ACSM5","down","3",FALSE
"LOC102902472","down","3",FALSE
"XPOT","down","2",FALSE
"DDO","down","4",FALSE
"NEK4","down","5",FALSE
"CLDN2","down","3",FALSE
"CEP104","down","2",FALSE
"DBT","down","2",FALSE
"ECI2","down","4",FALSE
"ANKS1A","down","10",FALSE
"MERTK","down","6",FALSE
"ZBTB41","down","5",FALSE
"MAPKAP1","down","4",FALSE
"TBC1D10A","down","9",FALSE
"PTH1R","down","1",FALSE
"SLC25A1","down","1",FALSE
"ANOS1","down","7",FALSE
"BNC2","down","7",FALSE
"PRODH2","down","6",FALSE
"DDX1","down","3",FALSE
"ATP5MC3","down","4",FALSE
"GPR137B","down","7",FALSE
"MYO15B","down","3",FALSE
"RUFY3","down","10",FALSE
"ERLIN2","down","2",FALSE
"LOC111557541","down","8",FALSE
"LMX1B","down","6",FALSE
"CCNI","down","5",FALSE
"ZNF514","down","2",FALSE
"NUDT12","down","5",FALSE
"IMMT","down","4",FALSE
"TYSND1","down","8",FALSE
"SELENOP","down","10",FALSE
"COL9A1","down","3",FALSE
"CES1","down","1",FALSE
"SAFB2","down","9",FALSE
"NAAA","down","3",FALSE
"ACE","down","6",FALSE
"HAPLN4","down","6",FALSE
"ELAPOR2","down","5",FALSE
"MGST1","down","1",FALSE
"TMEM60","down","7",FALSE
"GNB4","down","10",FALSE
"ADI1","down","9",FALSE
"CYP4A37","down","1",FALSE
"PAPLN","down","6",FALSE
"MYCN","down","3",FALSE
"STRA6","down","6",FALSE
"PPM1B","down","2",FALSE
"DNAJC22","down","3",FALSE
"LRRK2","down","2",FALSE
"CS","down","4",FALSE
"UBE3D","down","4",FALSE
"LOC101101118","down","1",FALSE
"LOC101099268","down","8",FALSE
"MRPL3","down","2",FALSE
"LOC101101650","down","6",FALSE
"CYP39A1","down","7",FALSE
"HS6ST2","down","2",FALSE
"FBXO22","down","2",FALSE
"CIAO3","down","4",FALSE
"DOCK8","down","10",FALSE
"CNTFR","down","4",FALSE
"RNF170","down","5",FALSE
"OAT","down","3",FALSE
"CCT4","down","8",FALSE
"RTN3","down","2",FALSE
"CE2H19orf84","down","1",FALSE
"UBTD1","down","4",FALSE
"EIF4E3","down","10",FALSE
"OTUD3","down","7",FALSE
"ZSWIM5","down","3",FALSE
"CERS2","down","8",FALSE
"PARD3","down","10",FALSE
"SLC5A11","down","3",FALSE
"AP3D1","down","1",FALSE
"PKLR","down","3",FALSE
"SEMA3G","down","3",FALSE
"PXDNL","down","2",FALSE
"D2HGDH","down","9",FALSE
"SHROOM2","down","5",FALSE
"PDHB","down","4",FALSE
"SLC6A11","down","3",FALSE
"PDZK1IP1","down","1",FALSE
"DARS2","down","2",FALSE
"WWOX","down","4",FALSE
"GAREM1","down","2",FALSE
"MROH6","down","9",FALSE
"HDHD3","down","6",FALSE
"ELMOD1","down","3",FALSE
"LPGAT1","down","10",FALSE
"ANO4","down","7",FALSE
"SLC5A12","down","1",FALSE
"ATG4C","down","5",FALSE
"HEPACAM2","down","7",FALSE
"MTCH2","down","4",FALSE
"LOC109498222","down","3",FALSE
"PAOX","down","9",FALSE
"LOC101096635","down","2",FALSE
"ZSCAN2","down","8",FALSE
"ACOX2","down","3",FALSE
"CUBN","down","6",FALSE
"SIRT5","down","4",FALSE
"COX15","down","7",FALSE
"PSMB5","down","9",FALSE
"ABCA3","down","1",FALSE
"ALDH8A1","down","1",FALSE
"VAPB","down","4",FALSE
"BANF2","down","1",FALSE
"TKFC","down","1",FALSE
"LOC101093721","down","5",FALSE
"ABLIM2","down","4",FALSE
"SH3RF3","down","8",FALSE
"PPEF2","down","2",FALSE
"HSD17B12","down","2",FALSE
"HS3ST6","down","1",FALSE
"NXPH4","down","4",FALSE
"HSP90AA1","down","7",FALSE
"GNPNAT1","down","2",FALSE
"GOLIM4","down","10",FALSE
"THEM4","down","2",FALSE
"TSC2","down","3",FALSE
"TNFAIP8L1","down","6",FALSE
"RAB40C","down","9",FALSE
"LOC101096317","down","9",FALSE
"AMD1","down","5",FALSE
"LRRC20","down","6",FALSE
"CDHR2","down","1",FALSE
"LOC101094730","down","2",FALSE
"AUTS2","down","2",FALSE
"LOC102899949","down","6",FALSE
"GAMT","down","1",FALSE
"VWCE","down","6",FALSE
"ARPP21","down","7",FALSE
"SLC28A1","down","1",FALSE
"PKIG","down","4",FALSE
"ETFB","down","4",FALSE
"ECI1","down","1",FALSE
"MISP3","down","4",FALSE
"TPRN","down","4",FALSE
"LOC102901316","down","1",FALSE
"FAM210B","down","4",FALSE
"LOC101098145","down","1",FALSE
"HDLBP","down","3",FALSE
"FAM204A","down","2",FALSE
"FAM210A","down","7",FALSE
"ABHD2","down","8",FALSE
"ZC3H15","down","5",FALSE
"SMIM1","down","1",FALSE
"RASL10B","down","3",FALSE
"ZDHHC9","down","8",FALSE
"ABCB7","down","5",FALSE
"MARCHF9","down","9",FALSE
"TIMMDC1","down","4",FALSE
"GABRD","down","4",FALSE
"CYP4A106","down","3",FALSE
"FRZB","down","7",FALSE
"ACP6","down","3",FALSE
"ZFYVE26","down","2",FALSE
"PNPT1","down","5",FALSE
"RAPGEF2","down","5",FALSE
"ADTRP","down","1",FALSE
"REXO5","down","3",FALSE
"LPCAT1","down","1",FALSE
"BBIP1","down","9",FALSE
"SLITRK5","down","7",FALSE
"ZNF566","down","7",FALSE
"PCYT2","down","4",FALSE
"MCCD1","down","4",FALSE
"PNPO","down","8",FALSE
"SNX25","down","5",FALSE
"FBXO31","down","1",FALSE
"NMT2","down","8",FALSE
"FNIP2","down","7",FALSE
"DBI","down","9",FALSE
